왠일이니,11554,감정
왠일,10810,감정
왠지모르게,9193,감정
왠일이야,6630,감정
왠말이냐,6268,의문
왠지모를,4153,불확실성
왠일이래,3689,의문
왠만하면,3638,일상생활
왠지뿌듯,3326,감정
왠걸,3247,궁금함
왠수들,1276,놀람
왠일이니왠일이니,1144,의문
왠만한,2570,일반적인 주제
왠지뭉클,2149,감정 또는 감성
왠말,2078,의견 또는 주장
왠종일,1363,시간 또는 일상생활
왠일이지,1240,일상
왠열왠열,1057,감정
왤케귀엽니,5467,칭찬
왤까,2405,궁금증
왤케,17086,감정
왤케이뻐,3256,외모
왤케맛있어,2093,음식
왤케귀여워,1984,동물
왤케추워,1305,날씨
왤케웃겨,1214,감정
왤케귀엽냐,1108,감정
왬,1400,의문
왭툰,1080,만화
왱,1267,신조어
왱이콩나물국밥,4629,음식
왱이집,3505,장소
외국인모델,602396,모델
외국인,584776,사람
외출,1287066,활동
외로움,253848,감정
외국모델,154934,패션
외대,142472,교육
외제차,135966,자동차
외도보타니아,134815,지리
외계인,108312,공상과학
외국인배우,88031,영화
외국어,77153,언어
외항사,53669,항공여행
외항사승무원,41072,직업
외국어공부,48896,교육
외국인친구,48529,사교
외모지상주의,29737,미용/패션
외도,215149,관계
외동아들,173064,가족
외주,72270,일자리
외국인모델에이전시,59388,모델링
외도널서리,38916,여행
외힙,26355,음악
외식스타그램,202059,음식
외동딸,283344,가족
외로워,48800,감정
외고,31010,교육
외국인여자,39740,인종/민족
외박,96272,생활/라이프스타일
외노자,111655,직업
외식하는날,59816,음식
외국,83798,여행
외국인여자모델,39016,모델
외국인남자모델,33943,패션
외국계기업,16669,비즈니스
외승,19875,여행
외장재,16490,건축
외국인선물,70730,"선물, 외국"
외동딸맘,50542,"가족, 부모"
외국영화,15817,"영화, 외국"
외도339,11661,"영화, 드라마"
외국여자,16603,여행
외과,36190,의학
외암민속마을,22708,문화
왼손볼러,34696,스포츠
왼손잡이아내,1567,스포츠
왼손볼링,6967,스포츠
왼손잡이,48576,스포츠
왼팔,7974,의료
왼손글씨,7674,예술
왼터,7130,운동
왼손가위,4513,가위
왼손골퍼,2484,스포츠
왼쪽,26223,손잡이
왼손은거들뿐,17711,일상생활
왼손투핸드,2332,스포츠
왼손,26130,일상생활
왼발,6665,신체 부위
왼발잡이,4246,스포츠
왼손그림,3435,미술
왼손필사,2864,쓰기
왼손으로비비고,4080,조리
왼손은,2091,신체
왼쪽얼굴,2040,신체
왼발의지배자,1972,운동
왼손캘리,1053,뷰티
왼손잡이아들,1346,가족
왼쪽부터,4933,방향
욍곱,3387,미용
욍깅이,3438,동물
욍깅,3412,동물
요리스타그램,5986051,음식
요,35352,음식
요리,6614332,음식
요리하는여자,1218721,라이프스타일
요가복,795462,스포츠의류
요가강사,742129,피트니스
요리레시피,303852,요리
요리동영상,121897,요리
요크셔테리어,1265231,애완동물
요리하는남자,672402,요리
요리그램,571953,음식
요리사,546780,직업
요거트볼,390639,음식
요시,267338,인물
요거트,754304,식품
요한,151296,이름
요키,735489,이름
요가하는여자,334503,운동
요가스타그램,313522,운동
요요없는다이어트,137223,다이어트
요가자세,95763,운동
요시고사진전,82203,사진전시
요요,92194,놀이
다이어트요리,483460,식단
요가수련,189625,운동
요넥스,151329,브랜드
요리영상,52540,음식 및 조리
요시고,33777,요가
요거프레소,169964,요거트
요가프로필,89292,요가
요가복추천,74280,패션
요리수업,211228,요리
요기요,395495,음식배달
요린이,248227,동물
요트투어,153605,여행
요닝,46592,스포츠
요즘취미,116841,레저
요가매트,101165,운동
요시노리,58128,인물
요가지도자과정,81755,운동
요가그램,70381,사진
요가복브랜드,55888,패션
요지야마모토,32822,패션
요가수업,57095,운동
요리왕,124166,요리
요섭,116416,음악
요가동작,40463,운동
요미,113966,패션
요리교실,83249,요리
욕실인테리어,456787,인테리어
욕,36507,인테리어
욕실리모델링,171698,리모델링
욕실,203879,인테리어
욕실용품,86899,가구
욕지도,86780,인테리어
욕조,67968,가구
욕실타일,64472,디자인
욕실청소,52552,청소
욕실디자인,37941,인테리어
욕실공사,34961,리모델링
욕실스타그램,27366,인테리어
욕실정리,20809,정리整理
욕실장,13530,가구
욕플,10005,인테리어
욕심,85310,감정
욕실꾸미기,26028,인테리어
욕실템,21292,인테리어
욕실매트,17949,인테리어
욕실소품,14881,인테리어
욕실거울,13992,인테리어
욕실화,12196,패션
욕지도여행,11021,여행
욕실선반,9973,가구
욕조촬영,8460,"사진, 인스타그램"
욕실청소기,7363,청소도구
욕세럼,6668,화장품
욕지도맛집,6133,음식점
욕실인테리어소품,5260,가구 및 소품
욕조인테리어,3864,인테리어
욕실인테리어그램,2327,인테리어
욕실하부장,3795,가구
욕실수납장,4328,수납
욕지도모노레일,3445,여행
욕심많은그녀,2252,드라마/영화
욕실악세사리,4746,인테리어
욕지도펜션,4122,숙박
욕실타일시공,6065,인테리어
욕실가구,6014,가구
욕실시공,12465,시공
욕실발매트,10722,욕실용품
욕조샷,5608,인테리어
욕망뉴트리밀,3721,건강
욕실청소기공구,8021,청소도구
욕실디스펜서,2742,가정용품
욕조물놀이,6455,아동용 욕실용품
욕실슬리퍼,6052,욕실용품
욕실자재,5279,욕실용품
욕설,4712,부적절한 언어
욕실파티션,4011,욕실파티션
욕실청소도구,2497,욕실청소도구
욕실조명,3676,욕실조명
욘,1663,욘
욘기,11576,문화
욘트빌,3997,여행
욘사마,4299,음식
욘짱일상,3705,일상생활
욘더,3465,패션
욘나,3129,여행
욘산하,1559,건강
욘욘,1437,뷰티
욘세떡볶이,1431,음식
욘주라멘,1237,음식
욘두,6229,여행
욘포세,2340,뷰티
욘쁘니,1076,패션
욘형,2262,뷰티
욘지성,1945,엔터테인먼트
욘세,1252,뷰티
욘스타그램,2382,소셜미디어
욘굥여행,1891,여행
욘보미,1663,뷰티
욘맛,1443,음식
욘석,1317,지질학
욘석들,1243,지질학
욜로,376644,라이프스타일
욜,4212,라이프스타일
욜로바이지나미,1240,여행
욜로족,35387,문화
욜루데니즈,5294,요리
욜로홀로,3723,라이프스타일
욜로타코,3469,패션
욜란크리스,2805,여행
욜리앤오티스,1519,음악
욜스테이,1332,숙박
욜로홀로펫,1098,동물
욜라탱고,2223,춤
욜로그램,2934,사진
욜로조개구이,2058,음식
욜로플라워,1818,꽃
욜로올레제주,1507,여행
욜로홀로배변패드,1443,반려동물
욜프,1329,골프
욜로홀로패드,1157,여행
욜로다이브,1122,스포츠
욜로라이프페어,1052,이벤트
욜크,1923,먹거리
욜로는겁쟁이,1058,여행
욜로서프하우스,1019,숙박
욜로하서프,1061,여행
욜심히,3265,여행
욜리,2838,패션
욜린암,1531,여행
욜로카롱,1720,음식
욜로썬팅,1009,라이프스타일
욜로스타그램,1917,라이프스타일
욜로족yolo,1145,라이프스타일
욤,9253,문화
욤슬라임,4136,뷰티
욤뇸뇸,31260,음식
욤욤,7475,개인
욤욤카페,1751,여가
욤스타그램,7999,사진/영상
욤찌,2979,음식
욤뇸뇸뇸,2664,음식
욤욤케이크,1190,음식
욤네일,1168,뷰티
욤요미,1155,뷰티
욤지뷰티,1091,뷰티
욤모,1288,뷰티
욤이,2743,뷰티
욤뇸,1753,뷰티
욤욤욤,1610,패션
욤찌리뷰,1383,뷰티
욤욤이,1068,패션
욥,5572,성서
욥기,12788,성서
욥기필사,1599,성서
욥브로우,1398,뷰티
욥기23장10절,1321,성서
용,93789,동물
용준형,369615,연예인
용인맘,702802,"지역명, 육아"
용평리조트,227996,여행
용돈박스,848063,금융
용돈풍선,288605,경제
용기,244370,자기계발
용머리해안,198906,여행
용콩별콩,77154,음식
용돈케이크,352525,음식
용산아이파크몰,162715,쇼핑
용눈이오름,161542,관광지
용인대,133942,대학교
용타투,89536,문신
용리단길,110032,상점가
용접,56254,산업
용호동맛집,105443,음식
용인대학교,54952,교육
용복,49044,인물
용돈,375545,재정
용암동,172731,지역
용마랜드,68390,레저
용용선생,27111,교육
용인시,103782,지역
용호동,273968,지역
용마산,89163,자연
용산구,110049,지역
용문신,23335,신화
용문동,138658,지역
용문산,56577,산
용산구맛집,52098,맛집
용평스키장,46125,여행
용현동,133421,지역
용궁사,123886,문화유산
용현동맛집,60504,음식점
용호동w,37896,지역
우지,690776,여행
우기,356596,계절
우석,222526,이름
우도,1284180,여행
우도환,171258,여행
우정여행,1298740,여행
우정사진,836018,"사진, 여행"
우리아미상받았네,88240,음악
우울증,273647,건강
우정스타그램,1461131,"사랑, 우정"
우동,814268,"음식, 일본음식"
우정타투,366693,미술
우진,344646,인물
우드인테리어,285379,인테리어
우크라이나,169054,국가
우원재,102319,음악
우신,98434,인물
우중캠핑,225697,여행
우쿨렐레,166807,음악
우리,1582503,문화
우드카빙,83512,스포츠
우이판,142321,예술
우주,377374,과학
우영미,67170,인물
우정케이스,219729,패션
우리집,4048501,가정
우드슬랩,112419,가구
우리아들,622002,가족
우유,714550,음료
우리동네,581514,지역
우산,429862,생활용품
우아,98663,브랜드
우송대,122135,대학
우드소품,100057,가구
우리가족,934462,가족
우정템,288636,"친구, 선물"
우울글귀,121891,"감정, 인용구"
우즈,92363,"스포츠, 축구"
우연,90475,"만남, 운명"
욱스타그램,34779,소셜미디어
욱,9969,개인
욱디,5563,브랜드
욱아,8083,개인
욱자태국팬들,5907,팬덤
욱일기,4839,개인 블로그
욱토크,2668,토론
욱아스타그램,9270,소셜 미디어
욱수골,4018,여행
욱씨남정기,3489,역사
욱스네일,1869,미용
욱아맘,4362,육아
욱수동,4083,지역
욱수천,1954,지역
욱이네사랑방,1350,가게 또는 업체
욱하는성질죽이기,1581,감정 혹은 행동
욱원커플,1685,연예인
욱신욱신,8483,패션
욱수동꽃집,3659,꽃
욱진,1452,개그인물
욱이네,1628,가정
욱이맘,2557,육아
욱아일기,2373,개인 블로그
욱겨,2326,일상생활
욱하는엄마,3165,가족
욱스일상,1685,일상
욱수,1324,동물
욱이와영이,1309,캐릭터
욱아템,1109,패션
욱브로,1051,패션
욱슐랭가이드,1001,여행
운동복,1367896,스포츠
운스타그램,2945870,소셜미디어
운동기록,2918371,피트니스
운동하는여자,19102276,피트니스
운동녀,933203,피트니스
운동화,1075782,패션
운동하는직장인,2979085,라이프스타일
운동하는남자,12440663,피트니스
운동맞팔,968277,소셜미디어
운동자극,333856,운동
운동인증,592908,운동
운동그램,571243,"운동, 사진"
운동계정,425164,"운동, 소셜미디어"
운동하자,330274,운동
운세,233706,점
운동화추천,199390,스포츠용품
운동루틴,178517,피트니스
운동하는엄마,768095,피트니스
운동중독,181850,피트니스
운,40095,스포츠
운동영상,482921,피트니스
운동복코디,204975,패션
운동소통,3174778,피트니스
운전,310773,교통
운양동,197798,지역
운해,134105,여행
운동복추천,164047,패션
운암동,239337,지역
운동식단,97363,건강식품
운동소통환영,154798,운동 소통
운동복패션,111575,운동 의류
운동합시다,89379,운동 동기부여
운동화그램,73796,운동화 패션
운동소통맞팔,73830,운동 소셜미디어
운동일지,971183,운동 기록
운동맞팔환영,68964,운동 소셜미디어
운동남,409522,운동 인스타그램
운명,174670,심리학
운동하는여자들,72999,피트니스
운동화코디,52118,패션
운동하는회사원,49810,건강생활
울산,9955447,지역
울산핫플,868597,여행
울릉도,309341,여행
울,174487,지역
울산대,194998,대학교
울산미용실,488386,미용
울코트,225914,패션
울산여행,534532,여행
울릉도여행,101109,여행
울애기,611061,개인
울산눈썹문신,363554,뷰티
울프컷,63791,패션
울산원데이클래스,182811,교육
울산케이크,261581,음식
울산삼산,164807,장소
울산삼산맛집,99464,음식
울진여행,96478,여행지
울진,341529,지역
울산북구,163562,지역
울산신상카페,134646,카페
울산바위,123972,여행
울산맘스타그램,106565,육아
울산북구맛집,98912,음식
울쎄라,102682,뷰티
울산네일샵,309434,미용
울산속눈썹펌,280916,미용
울산웨딩,203791,이벤트
울림,97178,문화/예술
울산대학교,92573,대학교
울진맛집,60240,음식점
울프강스테이크하우스,53943,음식점
울산새댁,111360,숙박시설
울산속눈썹,290167,뷰티
울산취미,102106,레저
울니트,185688,패션
울산속눈썹연장,172063,뷰티
울산광역시,65230,지역
울산필라테스,96205,운동
울산댁,92912,가정
울아들,298460,가족
울산가볼만한곳,372121,여행
울자켓,132252,패션
울산왁싱,178877,미용
울산현대,159577,자동차
울산미용실추천,119056,미용
울주군,99461,지역
울산애견카페,96636,애견
울산애견미용,87313,"애견, 미용"
울산카페투어,65173,여행
움짤,103766,엔터테인먼트
움,8193,엔터테인먼트
움프,62801,엔터테인먼트
움직임,80292,운동 및 활동
움직여,15766,자극 및 동기 부여
움트,13276,엔터테인먼트 및 문화
움파룸파,13064,춤 및 리듬
움직임전문가,7351,운동 및 피트니스
움직이는토끼모자,6197,패션
움프코리아,5405,엔터테인먼트
움베르토에코,4579,"패션, 지속가능성"
움트케익,3558,음식
움베르타,3171,음식
움트리,2970,식물
움찬식품,2416,음식
움직이는사진상점,2317,사진 촬영
움직이자,17938,운동
움직이는장난감,6002,장난감
움직이는인형,5402,장난감
움트다,5355,명상
움직이는명상,4839,운동
움직임명상,3913,운동
움직임의힘,2782,운동
움트케이크,2661,음식
움짤그램,2363,소셜미디어
움직임워크샵,1737,이벤트
움파,1451,음악
움브라,1368,무브먼트
움클래스,1289,이모티콘
움직임을움직임답게,1272,의류
움직이는이모티콘,2066,교육
움프2019,1524,이벤트
움지,2518,뷰티
움파룸파춤,1342,댄스
움프2018,2500,이벤트
움직씨,2164,인물
움베르트에코,1113,작가
움찔움찔,7755,감정
움직이는,17415,동작
움직이는잡화점,1646,쇼핑
움직임평가,2041,건강
움찬,1980,"패션, 보석"
움직이는보석,12668,라이프스타일
움직이기,7924,운동
움직여라,6283,운동
움막,1321,무용
움직임워크숍,1051,워크숍
웁,1274,감정
웁시데이지,9374,꽃
웁스마이독,5144,음악
웁스,12086,음악
웁니다,8518,감정
웁스베베,3190,패션
웁살라,2031,음식
웁스마운팀,1345,스포츠
웁서울,1291,여행
웁스마마,1098,육아
웁스woops,4071,뷰티
웁스떡볶이,2263,음식
웁쓰,1437,엔터테인먼트
웁스낵,1115,음식
웃,15342,감정
웃긴글,302671,엔터테인먼트
웃긴동영상,413015,유머
웃스타그램,547889,유머
웃긴사진,323237,유머
웃는남자,137634,유머
웃짤모음,20402,유머
웃긴썰,135617,유머
웃음지뢰,90714,유머
웃긴거,44846,유머
웃김주의,34839,유머
웃어요,186666,감성
웃긴글귀,5267,문구
웃긴짤모음,25306,동영상
웃긴고양이,33619,유머
웃긴강아지,29052,동물
웃음스타그램,38233,동물
웃는아이,22655,인물
웃긴동영상모음,5358,엔터테인먼트
웃픈,9395,감성
웃기냥,18085,동물
웃음보따리,12536,유머
웃긴스타그램,11092,엔터테인먼트
웃음가득,70491,감정
웃지마,16108,경고
웃는얼굴,58226,감정
웃겨죽음,52358,유머
웃는모습,31346,즐거움
웅,61353,춤
웅진북클럽,499080,독서
웅진씽크빅,160800,교육
웅기,27364,춤
웅진,79260,기업
웅진스마트올,54401,교육
웅진지식하우스,26764,출판사
웅진북클럽활용,22121,독서
웅재,17625,인물
웅산,13217,지명
웅도,10588,지명
웅천,76327,지명
웅진코웨이,11016,기업
웅성우,5895,인물
웅진다책,4999,출판사
웅진북패드,11914,교육용 제품
웅남이,4605,인물
웅진전집,3175,출판물
웅이빛나는밤에,2870,문학
웅진식품,10676,식품
김지웅,119589,인물
웅탁,2962,스포츠
웅진공부방,10496,교육
웅진책방,12992,문화
웅장,13754,감성
웅웅,2080,감성
웅또,1844,출판
웅진빅박스,3499,문화
웅진북큐레이터,12233,문화
웅플,16692,출판
웅진책,3802,출판
웅이네,10119,가정
웅촌,8971,지명
웅스빌,4270,건물
웅진곰돌이,6794,캐릭터
웅스키친,6378,음식
웅스트릿,5385,여행
웅나잇,4835,생활
웅성웅성,3491,음식/요리
워크웨어,920987,패션
워너원데이,27556,이벤트
워터밤,214569,뷰티/스킨케어
워킹맘스타그램,670095,직장인/직장인맘
워크샵,649487,교육/연수
워킹홀리데이,286529,해외근무
워크웨어룩,143203,패션/의류
워커힐풀파티,47616,이벤트
워너원고,34797,음악
워크맨,24356,엔터테인먼트
워너원의모든길_역사로남아,21527,"음악, 역사"
워너원_수고했어,15795,응원
워커힐,252151,여행
워킹맘육아,202896,육아
워라벨,133300,패션
워라밸,222998,직장생활
워나원,83658,엔터테인먼트
워커힐호텔,81363,여행
워너원박지훈,49263,음악
워크웨어코디,15631,패션
워렌버핏,15635,비즈니스
워너원인형,20386,엔터테인먼트
워싱턴,86198,장소
워너고트립,13206,여행
워니리본,10355,패션
워싱턴dc,54623,여행
워킹스트리트,16388,쇼핑
워너원하성운,54850,음악 그룹
워커코디,19934,패션
워너비즈,15644,엔터테인먼트
워킹데드,22643,TV 드라마
워터저그,15917,게임
워킹,136123,취미
워너비,84181,음악
워킹온더클라우드,21708,기술
워너원김재환,11141,연예인
워크지나눔,39702,사회운동
웍,13503,직업
웍셔너리,5135,패션
웍웍웍,1697,동물
웍셔너리도산,1501,도서
웍스,3895,비즈니스
웍샵,2407,교육
웍헤이,1496,엔터테인먼트
웍요리,1484,음식
웍스나인,1475,패션
웍질,1427,일상생활
웍스터,1124,지역
원데이클래스,5890003,교육
원스,379798,패션
원우,750331,음식
원,105762,지명
원호,1166052,인물
원주,2209161,지명
원피스,5159905,패션
원룸꾸미기,318708,인테리어
원주맛집,797239,"음식, 맛집"
원어스,339835,"음악, 밴드"
원두,592428,"커피, 원두"
원목가구,551801,가구
원룸,278217,주거
원영,229187,인물
원필,170583,예술
원빈,154818,배우
원피스수영복,92450,패션
원스키,173359,스키
원주맘,429209,지역 커뮤니티
원단,236592,패션
원컬러네일,204058,뷰티
원석,185180,보석
원석팔찌,179681,주얼리
원투낚시,85283,낚시
원규스튜디오,60815,스튜디오
원진아,50176,개인
원두납품,368147,커피
원주카페,564146,식음료
원플레이트,135021,음식
원잇,87930,쇼핑
원목소품,119859,가구
원진,126543,인물
원목테이블,125251,가구
원데이수업,186733,교육
원마일웨어,126258,의류
원더랜드,129011,여행
원피스코디,764778,패션
원광대,161666,대학
원주핫플,128157,여행
원석목걸이,140019,패션
원목교구,100254,가구
원앤온리,91964,브랜드
원데이,373039,이벤트
원톤네일,155061,미용
원어민영어,105783,언어
원예,92072,취미
월요일,3564386,요일
월,55925,시간
월남쌈,539829,음식
월정리해변,424034,여행
월요병,976751,건강
월드컵,536675,스포츠
월미도,535885,여행
월요팅,327707,먹방
월성동,233151,지역명
월급,212395,금전
월디페,148664,도움
월드비전,103877,비영리단체
월레스와그로밋,51890,문화
월화드라마,270293,엔터테인먼트
월악산,69063,여행
월행잉,59348,문화
월평동,252349,지역
월출산,59051,여행
월드디제이페스티벌,47665,음악
월급쟁이부자들,32706,경제
월정교,157102,역사
월정사,68149,역사/문화
월영교,90435,관광지
월세,106372,주거
월화원,31301,자연/환경
월요일시작,173067,시간
월평동맛집,71187,음식
월부닷컴,21000,인터넷
월급날,124250,금전
월데코,38183,인테리어
월클돔,60380,여행
월동준비,185503,여행
월성동카페,57465,식음료
월드컵경기장,113518,스포츠
월곶,56089,장소
월포해수욕장,49555,여행
월병,44191,음식
월미도디스코팡팡,25655,여행/레저
월곡동,59199,지역/장소
월요커플,35881,엔터테인먼트/연예
월척,30165,스포츠/운동
웜톤메이크업,65946,메이크업
웜,7343,피부톤
웜그레이테일,17038,패션
웜업,37686,운동
웜톤립스틱,24420,뷰티
웜톤립,15016,뷰티
웜톤섀도우,14061,뷰티
웜톤블러셔,9230,뷰티
웜톤팔레트,8001,메이크업
웜톤네일,5631,네일아트
웜뱃,5382,패션
웜샐러드,5131,음식
웜톤코디,5065,패션
웜아트,4556,미술
웜앤롱스튜디오,2369,패션
웜브라운,9761,패션
웜그레이,7713,색상
웜톤렌즈,6798,패션
웜사이트,5724,인터넷
웜리,4758,개인 블로그
웜톤추천,3607,메이크업
웜톤립추천,2985,메이크업
웜아이스,2243,패션
웜소울,1832,라이프스타일
웜앤코지난로테이블,1043,가전제품
웜블러드,5336,음료
웜볼,2904,스포츠
웜지스,2206,패션
웜모이스트에어,2994,가전제품
웜브리즈,3996,가전제품
웜테이블,1442,가구
웜낚시,3405,스포츠
웜앤쿨,1031,패션
웜사이트온양,2122,패션
웜베이지,2719,패션
웜아트펄프클레이,1612,미술/공예
웜업자켓,1531,패션
웜키친,1283,음식
웜톤염색추천,1173,뷰티
웡,1400,해당 없음
웡카,25359,브랜드
웡치케이,4672,브랜드
웡카초콜릿트리팝업존,2881,이벤트
웡타이신사원,2277,장소
웡크,1140,패션
웤호,5846,여행
웤샵,1177,쇼핑
웥성동,1265,지역
웨이트,2602479,운동
웨딩네일,5423655,뷰티
웨딩드레스,2655295,패션
웨딩촬영,3560771,결혼식
웨딩사진,1218915,사진
웨딩스냅,1977060,사진
웨딩,4582689,이벤트
웨딩플래너,1496254,이벤트
웨딩부케,1038967,결혼식
웨딩메이크업,923646,뷰티
웨딩스튜디오,884963,사진촬영
웨이트트레이닝,813573,운동
웨딩헤어,542397,결혼식
웨딩화보,481703,결혼식
웨이크보드,449435,스포츠
웨이브펌,381791,미용
웨이브,377959,문화/엔터테인먼트
웨딩박람회,836375,이벤트/전시
웨딩밴드,612757,결혼/웨딩
웨딩홀,485742,결혼/웨딩
웨딩스타일링,457338,이벤트
웨딩스타그램,1039584,사진
웨딩링,501825,이벤트
웨딩한복,256129,의류
웨딩컨설팅,252150,이벤트 기획
웨딩데이,225881,이벤트 기획
웨이트하는여자,220445,피트니스
웨딩드레스추천,210783,패션
웨딩네일아트,203276,결혼식
웨딩플라워,172177,결혼식
웨이크서핑,143397,스포츠
웨지우드,102762,가구
웨딩슈즈,170942,의상
웨딩준비,360306,이벤트
웨딩케이크,285666,음식
웨이크메이크,56871,뷰티
웨스턴돔,314721,여행
웨딩답례품,365763,결혼
웨딩홀추천,304361,결혼
웨이브파크,45843,여가생활
웨인스코팅,59032,스포츠
웨딩플래너추천,452134,이벤트 플래닝
웨딩홀투어,263527,이벤트 장소
웨딩스냅사진,140232,사진촬영
웨딩아치,49430,웨딩 장식
웨딩영상,144749,비디오 제작
웨딩디렉팅,126303,이벤트 기획
웨딩모델,128589,모델링
웨이브온,159111,뷰티/패션
웨딩스냅촬영,118366,결혼/이벤트
웨딩포토,107487,결혼/이벤트
웨딩헤어메이크업,84498,결혼/이벤트
웨딩헤어스타일,55139,결혼식
웩,43514,의류
웩서울,5160,여행
웩슬러지능검사,5448,의료
웩슬러검사,2026,의료
웬디,679116,인물
웬디컷,32049,패션
웬디앤브레드,6432,음식
웬디손,28224,뷰티
웬디의영스트리트,12310,엔터테인먼트
웬즈데이,12036,날짜
웬디단발,8573,패션
웬디북클럽,7719,독서
웬디머리,6618,머리스타일
웬디북,5775,독서
웬,3651,개인 브랜드
웬만해선그들을막을수없다,2657,도전
웬델보,1282,엔터테인먼트
웬수,23010,스포츠
웬지,6508,여행
웬디펌,4458,미용
웬디스키친,3084,음식
웬디스보틀,2942,패션
웬디북읽기독립첫걸음,2780,독서
웬징루,2497,관광지
웬떡,2380,음식
웬아이워즈영,1927,영화
웬트워스포인트,1734,여행
웬뷰티,1578,뷰티
웬마스크,1534,스킨케어
웬린,1330,패션
웬앤브,1109,패션
웬디스,2645,인물
웬즈데이블루,1016,브랜드
웬디스버거,1326,음식
웬들러531,1381,제품
웬즈가구,1399,가구
웬조이,1855,장난감
웬디우드,1157,가구
웬일이니,4617,일상생활
웬디카레,1714,음식
웬준희,3367,개그
웰시코기,2264260,반려동물
웰시코기그램,233565,사진 sns
웰리힐리파크,139329,여행/레저
웰메이드임영웅,199193,영화/엔터테인먼트
웰시,196127,문화/언어
웰씽킹,84735,인용구/명언
웰더마,61815,뷰티
웰리힐리,58927,여행
웰컴투삼달리,52615,이벤트
웰케어,6855,건강
웰킵스,6202,브랜드
웰컴2라이프,5635,라이프스타일
웰,2831,브랜드
웰컴키즈존,14543,브랜드
웰베이킹,27855,요리
웰즈,5333,브랜드
웰씽킹_필사프로젝트,26944,교육
웰씽킹서포터즈1기,7363,마케팅
웰컴키트,16840,제품
웰츠,6334,브랜드
웰시코기엉덩이,18055,반려동물
웰시코기입양,8544,반려동물
웰컴투,9058,환영
웰컴독코리아,6895,여행
웰시코기스타그램,30956,반려동물
웰스파io,8608,건강생활
웰크론,11579,가전제품
웰더마이찬원,20930,뷰티
웰빙푸드,20561,식품
웰컴투조선,12581,여행
웰시코키,7285,반려동물
웰시코기새끼,6562,반려동물
웰리힐리cc,5936,여행
웰스팜,4346,농업
웰컴볼링장,3640,엔터테인먼트
웸블리스타디움,5449,스포츠
웸블리,4797,랜드마크
웸등포,1374,장소
웹화보,27035,웹 컨텐츠
웹,18860,인터넷
웹디자인,103198,디자인
웹툰추천,143400,엔터테인먼트
웹소설,86101,문학
웹디자이너,37188,디자인
웹툰작가지망생,36223,예술
웹툰그램,35932,예술
웹개발,26132,기술
웹툰스타그램,25385,엔터테인먼트
웹소설표지,9960,디자인
웹퍼블리셔,7102,기술
웹화보모델,6065,모델링
웹디자인포트폴리오,3168,디자인
웹툰그리기,8457,만화
웹툰작가,62919,작가
웹진,29920,미디어
웹예능,22282,엔터테인먼트
웹사이트,21171,인터넷
웹사이트제작,13223,비즈니스
웹툰원작,12669,만화/출판
웹에이전시,10779,마케팅/광고
웹매거진,10687,미디어/출판
웹툰지망생,6352,예술/창작
웹개발자,4372,직업
웹디자인기능사,3524,자격증
웹소설일러스트,2487,예술가
웹퍼블리싱,4005,기술
웹디,7731,웹 디자인
웹기획,2961,웹 기획
웹투어,4563,여행
웹툰연재,4602,만화출판
웹드라마촬영,4530,엔터테인먼트
웹소설표지일러스트,1519,아트 및 디자인
웹툰단행본,2255,만화 및 웹툰
웹3,14247,인터넷 기술
웹드라마오디션,18791,연예
웹소설삽화,1489,문학
웹툰연습,2667,예술
웹디자인학원,2275,디자인
웹스터,1088,웹사이트
웹소설원작,5935,문학
웹무비,3795,영화
웹케시그룹,2761,비즈니스
웹드추천,2532,엔터테인먼트
웹스터비,1770,여행
웹코딩,1429,프로그래밍
웹툰준비,1420,예술
웻커피,12182,커피
웻,1197,브랜드
웻앤와일드,3426,브랜드
웻커피신사,2170,브랜드
웻지감자,1943,식품
웻디탱글러,1553,패션
웻타월공구,3582,가정용품
웽,2162,음식
웽커스,1132,브랜드
웽웽,1297,음식
윀,1009,뷰티
위,45057,여행
위로글귀,569725,명언 및 인용구
위로글,494420,글귀
위로,1602036,"위로, 격려"
위스키,862099,"주류, 술"
위례,395464,지역
위클리,238003,미디어
위키미키,113310,연예
위글위글,62216,감성
위시,59652,소망
위대한유혹자,36975,영화
위대한쇼,22861,드라마
위례신도시,287690,도시
위드라이브,229877,엔터테인먼트
위클래스,19841,교육
위례카페,141573,음식점
위스키바,125754,술집
위드테이블,125212,가구
위즈원,90855,엔터테인먼트
위즈덤하우스,82664,여행
위미리동백군락지,61642,여행
위플레이,22579,엔터테인먼트
위클리다이어리,28062,일상
위버스,25804,여행
위베어베어스,39125,패션
위드피아노,99877,음악
위블로,106099,패션
위안부,51822,역사
위철명,17323,역사
위스키추천,51854,음료
위치네일스,32794,미용
위키트리,31069,온라인
위로글귀그램,24870,소셜미디어
위워크,23162,사무공간
위꼴,102686,디자인
위클리다꾸,15892,인테리어
위탁판매,55211,판매
위클리메이트,39559,뉴스 및 미디어
위키드,59046,엔터테인먼트
위양지,54636,여행 및 관광
위스키그램,37933,음료 및 주류
위틀스토어,36480,쇼핑
위에화,28313,예술
위대한쇼맨,52835,영화
위블로시계,25676,패션
윅스눕,2851,회사/기업
윅스인터내셔널,4038,회사/기업
윅스,1895,브랜드/상품
윅스쌤,1224,교육/강의
윅스커피,1140,커피
윈,80811,날씨
윈터,405291,계절
윈윈,181090,승리
윈드,48010,스포츠
윈드서핑,43183,스포츠
윈드컷,33483,미술/디자인
윈윈부산,18563,여행/관광
윈저앤뉴튼,15566,영국 로열 패밀리
윈드스크린,14336,자동차 부품
윈드1947,13680,역사
윈시,8088,패션
윈터가든,7229,계절/정원
윈도우시트,5229,가구/인테리어
윈드윈베이커리,3297,음식/베이커리
윈키아플래너,1719,일정/플래너
윈터스쿨,10824,교육
윈저,8933,지명
윈도우10,7345,소프트웨어
윈윈스타일,4354,패션
윈드오케스트라,4315,음악
윈저체어,4245,가구
윈터홈,2869,계절
윈터우즈,1834,여행
윈켈치발기,7421,음식
윈느,3901,패션
윈체스트cc,4739,스포츠
윈터펠치와와,3363,동물
윈도우,17379,소프트웨어
윈터타이어,10147,자동차
윈크라우드,1661,기술
윈드커피,2834,음료료
윈팰리스,9637,여행
윈터리그,4834,스포츠
윈마이스터,2690,교육
윈디걸,2265,엔터테인먼트
윈드윈,2056,스포츠
윈터원더랜드,8460,여행
윈터에스파,2050,레저
윈드밀,7238,피트니스
윈드러너,4529,스포츠
윈스,4171,뷰티
윈윈그룹,3410,비즈니스
윈드서핑장,2376,여행
윈야드,2193,와인
윈도우스토리,2060,영화
윌리엄,86315,문학
윌,13206,영화
윌벤져스,38783,영화
윌슨,96200,인물
윌리엄해밍턴,55373,장소
윌리,37304,인물
윌스미스,19518,영화배우
윌라오디오북,13101,오디오북
윌리엄벤틀리,7316,음악가
윌유메리미,7136,영화제작사
윌리엄스소노마,6812,영화 및 엔터테인먼트
윌로뜨,6536,뷰티 및 패션
윌리엄소노마,2777,영화 및 엔터테인먼트
윌슨스튜디오,2111,영화 및 엔터테인먼트
윌스타그램,1259,사회혁신
윌리엄스버그,17991,여행
윌벤,14793,음악
윌비스,11413,역사
윌리엄모리스,6492,인물
윌리어,5921,닉네임
윌리k,3846,닉네임
윌레스와그로밋,3240,미분류
윌리앤더피,1796,영화
윌라벨이벤트,1602,이벤트
윌튼,11001,지명
윌리스오피스,5773,회사
윌엔터테인먼트,26976,엔터테인먼트 기업
윌리독,4585,애완동물
윌슨글러브,2214,스포츠 용품
윌렴,5187,유머 및 인터넷 문화
윌리스,7248,인물
윌튼데코,4648,인테리어
윌슨라켓,5422,스포츠
윌스튜디오,2872,엔터테인먼트
윌콕스,3389,영화
윌리테이블,3321,요리
윌슨응,2067,음악
윌로펫,2098,애완동물
윌비,1784,영화
윌리를찾아라,11464,영화
윌크,3704,식품
윌튼색소,3301,패션
윌럽,2388,엔터테인먼트
윌비스경찰,1902,드라마
윌슨코리아,1599,기업
윔지스,14244,스포츠
윔블던,14749,스포츠
윔피키드,4855,엔터테인먼트
윔즈,3775,음식
윔지스껌,1839,상품
윔지브리지,1037,장소
윕,1659,음식
윗세오름,87209,여행
윗몸일으키기,31394,운동
윗유하우스,2853,스포츠 시설
윗트임,6043,운동
윗새오름,3923,등산
윗가슴운동,1294,운동
윗집,6147,부동산
윗반송,2936,음악
윗츠,2242,스포츠
윗윌로우,2013,영화
윗비플라워,1862,의류
윗치비쥬,1500,패션
윗치폼,1556,운동
윗등심,2781,요리
윗세오름대피소,2665,산악
윗가슴,1957,운동
윗트레이닝,1921,운동
윗세오름가는길,1597,산악
윗세오름1700m,1146,등산
윗비어,1007,여행
윗니4개,2241,치과
윗집아랫집,2178,이사
윗동네,1616,지역
윗공기,1341,자연
윙깅이,204073,동물
윙,80382,스포츠
윙잇,47983,음식
윙크,400818,패션
윙크남,144097,엔터테인먼트
윙옵,92607,게임
윙깅,61816,게임
윙튤립,30000,뷰티
윙크학습지,29065,교육
윙바디,27663,피트니스
윙딥,25701,피트니스
윙크학습,22727,교육
윙스몰,6819,패션
윙블링,6740,액세서리
윙크탄,1189,뷰티
윙크고자,17145,뷰티
윙스타그램,15175,사진
윙팁,14815,뷰티
윙스리더스,13164,게임
윙케이드,6736,게임
윙켄,5534,게임
윙스타워,5397,게임
윙포일,3763,스포츠
윙스그로우,3580,뷰티
윙블리,2790,패션
윙체어,2293,가구
윙뽀,1747,뷰티
윙즈스튜디오,1579,엔터테인먼트
윙스세라믹,1519,인테리어
윙타프,1411,패션
윙주영,5151,영화
윙하인드,3804,스포츠
윙크쿠션,1038,뷰티
윙스,13787,패션
윙키뉴욕,3260,여행
윙스리더스144,2615,스포츠
윙치케이,5069,음식
윙스핫요가,2070,뷰티
윙크이벤트,2326,이벤트
윙크북스,1539,서점
윙스카이,2631,엔터테인먼트
윙크학습기,1442,교육
윙가르디움레비오우사,7239,마법 주문
윙파콘,2141,음식
윙옵이미래다,1808,게임
윙사커,1661,스포츠
윙스피치,1528,엔터테인먼트
윙키돌,1443,연예
윙커맨더,1113,게임
유머,2412122,엔터테인먼트
유지어터,3393869,여행
유시진,160355,인물
유머스타그램,1493817,엔터테인먼트
유럽여행,4400265,여행
유기견입양,1984943,동물보호
유행네일,1232983,뷰티
유기견,2602589,동물보호
유아식,1568291,영양
유디니,1325399,음악
유니크네일,1122195,미용
유산소운동,714371,운동
유나,511725,가수
유머짤,960842,엔터테인먼트
유리,594919,예술
유겸,982733,연예인
유성,963843,천체 관측
유튜버,1011789,엔터테인먼트
유산소,825331,운동
유기견보호소,491455,사회복지
유재석,367465,연예인
유아,736857,어린이
유아미술,696038,미술
유럽어디까지가봤니,288808,여행
유주,591647,음악
유인나,135851,연예인
유태양,145118,스포츠
유아영어,688400,교육
유도,288007,스포츠
유니클로,409109,의류 브랜드
유지어터식단,381509,다이어트
유기묘입양,331937,반려동물
유연석,297836,연예인
유애나,192426,인물
유후인,426463,여행
유사나,263165,사진
육아스타그램,45431300,가족
육아,47372970,가족
육아기록,6034794,기록
육아템추천,1094228,제품추천
육아용품,1814599,제품
육성재,737165,연예인
육회,1240203,음식
육아그램,6715098,육아
육퇴,1429048,직장생활
육아는장비빨,1031991,육아 장비
육아대디,870323,육아 참여자
육아템공유,428179,육아 장비
육군,217791,군대
육개장,280901,음식
육아템공구,301450,육아용품
육아는템빨,266094,육아용품
육아맞팔환영,297128,소셜네트워킹
육일돌,153427,축하
육아육묘,434474,육아
육아맘환영,265417,육아
육아꿀템,261186,"육아, 쇼핑"
육아는아이템빨,172646,육아 용품
육아용품추천,129980,쇼핑
육아파파,260476,가족
육사시미,357711,육사생활
육전,331530,전통음식
육아맘스타그램,454172,육아
육아일기,15208021,육아
육묘일기,548334,애완동물
육아맘부업,545649,"부업, 육아"
육회비빔밥,357833,"음식, 한식"
육아용품공구,142912,"육아, 쇼핑"
육백마지기,43521,"동물, 말"
윤,127096,이름
윤기,1184619,감성
윤아,680575,연예인
윤두준,464140,연예인
윤지성,955535,연예인
윤정한,372727,연예인
윤보미,228677,연예인
윤재혁,225305,연예인
윤계상,192484,배우
윤시윤,190358,연예인
윤석열,151459,정치인
윤슬,147095,모델
윤도현,68125,연예인
윤은혜,49989,연예인
윤쌤홈트,25646,운동
윤세리,36009,연예인
윤곽관리,273960,미용
윤종신,109434,음악가
윤곽주사,102969,미용
윤도운,74878,연예인
윤동구,74124,인물
윤여정,46860,연예인
윤세아,35299,인물
윤스테이,34667,브랜드
윤식당2,24234,TV 프로그램
윤형근,11427,요리
윤찬영,13315,요리
윤동주,89678,시인
윤종훈,28545,인물
윤성빈,18497,인물
윤현민,35955,인물
윤상현,27205,인물
윤현상재보물창고,9513,TV 프로그램
윤미래,47534,음악가
윤주희,13399,배우
윤오,57047,만화 작가
윤딴딴,66329,음악가
윤민,70505,인물
윤소희,23699,연예인
윤현석,36337,배우
윤진,45609,인물
윤결,33548,결혼
윤재,32467,이름
윤소호,27010,소설작가
윤박,38751,인물
윤민수,23267,인물
윤명주,17143,인물
율량동,424560,장소
율,77681,지역
율하카페거리,208158,관광명소
율하,373501,지역
율하맛집,209654,음식점
율하카페,124449,지역 카페
율량동꽃집,89564,꽃집
율전동,83279,지역
율량동카페,72057,지역 카페
율이,57170,지역
율하2지구,56515,지역
율하동,50547,지역
율량동술집,47683,엔터테인먼트
율전동맛집,39961,음식
율희,12150,인물
율하네,6610,장소
율무,137099,음식
율량동네일,134773,미용
율포해수욕장,29395,여행
율전동카페,25717,카페
율동공원맛집,21678,"맛집, 레스토랑"
율하동맛집,17541,음식
율하카페거리맛집,15509,음식
율곡수목원,8968,여행
율립,4646,예술
율하천,32928,지명
율동공원카페,15900,레저
율하광장,11576,공원
율량동핫플,26245,지명
율리,27812,인물
율하헬스,14667,운동
율량2지구맛집,11926,맛집
율암온천,5386,여행
율리스나르덴,13468,지명
율량동미용실,37488,비즈니스
율하지구,16559,지명
율하pt,13549,미분류
율량2지구,41252,지역
율곡동,32488,지역
율동,71193,지역
율하꽃집,68872,비즈니스/서비스
율하옷가게,27626,패션
율하미용실,18517,미용
율무차,9997,음료
율하피티,13965,이벤트
율하핫플,13288,패션
윰,23816,뷰티
윰블리,21176,뷰티
윰네일,12898,뷰티
윰스타그램,17878,소셜 미디어
윰차,11163,음료
윰세,3931,뷰티
윰앤터치,3219,엔터테인먼트
윰프로디테,3165,예술
윰테이블,3070,가구
윰플라워,2664,꽃
윰스튜디오,2505,미디어
윰유모차,1924,육아용품
윰스팝아트,1124,예술
윰배우,2507,연예인
윰맘,2480,육아생활
윰쥬얼리,2413,패션
윰밥,2152,음식
윰윰,1876,엔터테인먼트
윰스네일,2257,미용/뷰티
윰식당,1712,음식
윰윰로그,4897,블로그
윰지,1392,여행
윰카페,1496,카페
윰디,1215,영화
윰편,1133,영화
윰식이베이비,1099,음식
윰케이크,1042,음식
윱,1737,동물
윱스타그램,1024,사진
윳쿠리,1339,게임
윳놀이,4662,전통 문화
융,61568,여행
융스타그램,93435,사진
융프라우,132613,여행
융드립,36752,유행어
융프라우요흐,34000,신화와 신들
융프로디테,12109,신화와 신들
융디스냅,3452,신화와 신들
융이나,2142,신화와 신들
융콘센트,1804,전기
융프라우정상,5181,산악
융균상,1728,의학
융합수업,6855,교육
융한스시계,1361,패션
융계,2262,음식
융드립커피,7482,음료
융스트링,1054,음악
융캉찌에,1071,뷰티
융데이,6312,이벤트
융융이,5406,엔터테인먼트
융합예술교육,2199,교육
융디,2807,디자인
융프라우가는길,2330,여행
융심리학,1293,심리학
융푸라우,4101,여행
융복합예술,2245,예술
융프라우철도,1185,여행
융합독서하기,1052,독서
윶,1668,해당 없음
윶스타그램,1827,소셜미디어
윶놀이,1961,여가활동
윶옌,1056,인물
윷,2195,전통놀이
윷놀이,80674,전통놀이
윷놀이한판,4267,놀이도구
윷놀이세트,1263,놀이도구
윷놀이판,1083,놀이도구
윷점,1035,전통놀이
윹툥,1916,먹방
으라차차와이키키,27525,TV 프로그램
으니슬라임,3667,게임
으,37005,감탄사
으쌰으쌰,138113,응원
으뜸플러스안경,21119,패션
으라차차와이키키시즌2,16171,드라마
으라차차와이키키2,13557,한국 드라마
으뜸안경,13454,패션
으뜸50안경,9143,패션
으아리,6804,예술
으라차차내인생,6230,드라마
으뜸챌린지,5510,도전
으네드레스,3541,패션
으라차차만수로,2554,드라마
으뜸이로리바타,1624,만화 캐릭터
으악,92851,감정
으로,50806,도구 또는 수단
으능정이,23683,인물
으른,22731,한국어 단어
으랏차차,19646,한국어 단어
으누,15895,한국어 단어
으뜸이,15014,한국어 단어
으뜸김포,13918,여행
으막,6943,먹거리
으나네작업실,6251,예술
으나,4986,개인 브랜드
으라차차키즈팡팡,4630,어린이 노래
으스스타벅스,3093,커피
으깬장미,2553,꽃
으아아아아아악이게무슨일이얌빌보드핫100차트7주연속1위가수bts,1974,음악
으르렁애견카페,1723,애견카페
으앙,49849,감탄
으니메이드,1621,애니메이션
으름,4596,무서움
으능정이거리,15682,한국어 신조어
으쓱,5337,감정 표현
으흐흐,20875,웃음 표현
으쓱으쓱,13565,음식 소리
으쓱이,3918,댄스
으니으니,2888,음악
으샤으샤,33836,뷰티
으른이,12362,엔터테인먼트
으아리꽃,2295,식물
으느정이,3694,동물
으라차차,29131,음식
으뜸플러스,6874,쇼핑
으막스타그램,4369,SNS
으느정이거리,3222,여행
으뜸50,2608,트렌드
으캬캬,2041,열정
으아아아아악,1391,감탄사
으리으리,12486,음식
윽,33366,감정
은혁,757590,인물
은지원,466035,인물
은하,594641,천체
은우,326310,동물
은,233809,속성
은행동,872880,지명
은반지,561863,패션
은혜,461954,종교
은평구,415386,지명
은행나무,306773,식물
은팔찌,296934,패션
은목걸이,294638,패션
은지,288195,소재
은비,141686,이름
은채,98482,이름
은서,97731,이름
은귀걸이,214441,패션
은가은,27718,이름
은계지구,129182,지리
은행나무길,120253,자연
은정,107089,인물
은공예,98180,예술
은평한옥마을,88517,여행
은해,80843,자연
은상,52677,패션
은석,47736,인물
은호,46552,인물
은섬,41512,여행
은행원,36232,직업
은물,30134,자연
은혼,24816,문화
은평구맛집,261538,음식
은방울꽃,29182,식물
은빈,34954,인물
은행,195892,금융
은휘,34225,인물
은평맘,70139,지역/지명
은계지구맛집,48314,음식
은행골,56044,장소
은행동맛집,210914,음식
은평뉴타운,68760,장소
은찬,22774,인물
은희네해장국,34651,음식점
은봉희,15636,인물
은침귀걸이,81738,패션
은광,67213,인물
은평맛집,41590,식당
은화수식당,32380,식당
은평,69065,지역
은행나무숲,34388,자연
은희경,15706,인물
은지원_사랑해,11396,"인물, 감정"
을지로카페,352705,"여가, 식음료"
을지로,854669,장소
을,48755,장소
을지로3가,172110,장소
을왕리,457631,장소
을지로보석,6914,쇼핑
을지로데이트,115937,데이트
을지로술집,90816,술집
을숙도,73928,관광지
을밀대,72869,식당
을지로핫플,70479,관광지
을지로와인바,64445,식당
을왕리카페,59675,카페
을지로3가카페,23940,카페
을유문화사,22909,문화
을지다락,18620,문화
을지로미팅룸,9916,미팅룸
을의연애,3030,연애
을왕리조개구이,44450,음식
을지로4가,37952,장소
을지로입구맛집,33532,맛집
을지로와인,33413,음식&음료
을지맥옥,9391,레스토랑
을지로노포,6117,관광지
을지로담장,5141,문화재
을숙도생태공원,24981,자연
을지로바,22503,관광지
을지로입구,42951,지하철역
을지대,18481,대학교
을지대학교,12655,대학교
을지로전시,11103,문화
을지로입구역맛집,36602,음식
을지로골뱅이,16550,음식
을지로조명,8717,조명
을지오뎅,6856,음식
을밀대본점,6119,마사지
을지로장만옥,3364,음식
을왕리여행,30395,여행지
을지로노가리골목,6110,관광명소
을지로3가역,16267,교통
을지로카페추천,12101,식음료
을지로3가술집,11876,술집
을지로펍,11355,술집
을지로핫플레이스,7209,관광명소
을지루이스,2005,레스토랑
을지로3가와인바,10981,음식
음식스타그램,2959397,음식
음식,5358071,음식
음,202353,음식
음스타그램,1763794,소셜미디어
음악스타그램,642511,소셜미디어
음식사진,892150,음식
음악추천,791080,음악
음료,484359,식품
음료스타그램,162009,소셜미디어
음식촬영,144216,예술
음식점,130352,식당
음영메이크업,108816,뷰티
음악중심,73989,음악
음성,212252,기술
음식일러스트,44170,미술
음문석,36661,한식
음식그램,240222,음식
음주,186876,술
음대생,66404,대학생
음향,66245,오디오 기기
음식물처리기,61229,주방 가전제품
음식사진촬영,56523,푸드 포토그래피
음악교구,27379,음악용품
음악임용,14992,음악 교육
음악특강,32872,음악 교육
음바페,21751,음악 축제
음악줄넘기,90414,음악 놀이
음식점인테리어,27874,인테리어
음악가,50785,예술가
음영섀도우,22747,뷰티
음대,56334,교육
음료추천,57798,식품
음색깡패,156672,음악
음반,85161,음악
음주운전,44494,안전
음성카페,32821,엔터테인먼트
음식점창업,44871,비즈니스
음중,24815,음악
음대입시,18931,교육
음악워크지,15871,음악
음향기기,14572,기기
음란마귀,12731,문화
음식물분쇄기,25986,가전제품
음악듣기,59324,레저
읍천리382,57194,여행
읍,1637,지명
읍천리,18906,여행
읍내동,30037,지명
읍천항,13114,여행지
읍성카페,12167,카페
읍성,10857,역사 유적지
읍내,8037,지역
읍천리카페,7130,카페
읍내해물점빵,1386,음식
읍성커피,1378,카페
읍내동네일,27097,미용
읍내동꽃집,13416,꽃
읍내커피,2758,음료
읍천리대실역점,2659,식당
읍읍,3338,먹거리
읍천리성서점,2450,서점
읍천리커피,2326,카페
읍성마카롱,2184,먹거리
읍내카페,1244,식음료
읍성맛집,3830,식음료
읍내동헬스,2352,피트니스
읍내동케이크,1645,식음료
읍내나들이,1370,여행
읍천,1262,자연
읍내동속눈썹,5803,뷰티
읍성네일,3097,뷰티
읏,2744,스포츠
읏추읏추,34368,댄스
읏맨프로배구단,17086,스포츠
읏맨배구단,5797,스포츠
읏추,7697,패션
읏쨔,6432,뷰티
읏스타그램,5120,사진
읏츄읏츄,3537,먹거리
읏차,3358,먹거리
읏츄,2963,패션
읏챠읏챠,2635,엔터테인먼트
읏맨배구단서포터즈,1751,스포츠
읏샤,2012,뷰티
읏샤읏샤,1887,뷰티
읏르타그램,1547,음식
읏짜읏짜,1369,뷰티
읏차읏차,1191,음식
읏쨔능,1058,문화
읏맨치어리더,1003,엔터테인먼트
응,179140,감정/인사
응원글귀,108107,긍정적인 문구
응답하라1988,297851,드라마
응원,761357,스포츠
응급실,153890,의료
응암동,102979,지역
응모,66623,이벤트
응봉산,61598,등산
응원글,48012,스포츠
응커피,44681,식품
응급구조사,30769,의료
응응,26815,표현
응급구조학과,11674,학문
응급구조과,9147,의료
응급실간호사,7743,의료
응원해,240183,스포츠
응답하라,71671,소통
응팔,71303,스포츠
응원단,37742,스포츠
응급처치,22390,의료
응급남녀,8988,의료
응모이벤트,6456,이벤트
응비세상,4541,뷰티
응암,44577,지명
응급실국물떡볶이,6435,"음식, 레시피"
응원가,25918,음악
응가중,22748,육아
응봉산팔각정,13224,관광지
응급의학과,4508,의학
응원문구,9834,스포츠
응떡,10342,음식
응암역,46109,교통
응암오거리,21970,장소
응원이벤트,16466,스포츠
응가,50454,아기
응원해요,74291,이벤트
응원피켓,21101,스포츠
응암동네일,56758,뷰티
응사,6614,역사
응답하라1994,27463,드라마
응원메세지,14047,스포츠
응봉동,11955,지역
응암동술집,8126,술집
응봉산야경,7259,관광명소
응급실행,25281,응급상황
읔,5426,불분명한
의,52467,소유
의정부디저트,73216,음식
의성,118860,지명
의사요한,30720,의료
의사,181649,의료
의지,119571,동기부여
의진,43122,패션
의류,693117,패션
의사소통,48813,커뮤니케이션
의자,349538,가구
의류쇼핑몰,157985,쇼핑
의류도매,280461,판매
의료진덕분에,40925,의료
의왕카페,88874,음식점
의정부헬스,62484,운동
의정부타투,104556,미용
의왕,333017,지명
의창구맛집,32318,음식
의예과,38744,교육
의사스타그램,37170,의료
의정부옷가게,87062,쇼핑
의류마켓,60626,쇼핑
의경,59794,경찰
의식의흐름,71593,문학
의류학과,34899,패션
의미있는선물,48524,선물
읭,29458,의문의 표현
이,288832,한국어 조사
이벤트,11074935,이벤트 및 행사
이달의아트,6466260,미술
이지금,244019,현재 상황
이달의네일,1322602,뷰티
이민호,2074145,연예인
이종석,977695,연예인
이동해,361613,연예인
이달의소녀,483811,음악
이태리,507018,여행
이별글귀,389859,감정
이사,751416,생활
이쁜이,600829,개인 브랜드
이벤트네일,518292,미용 및 패션
이동욱,439212,연예인
이진기,309681,연예인
이태원카페,714812,여행/카페
이쁜카페,534872,여행/카페
이탈리아여행,410727,여행
이쪽,976762,위치/방향
이너뷰티,511412,뷰티
이태용,253581,연예인
이찬,184277,연예인
이찬원,3912242,연예인
이대휘,1175676,연예인
이태원술집,299693,식당
이벤트중,304602,이벤트
이태원타투,242656,미용/피부 관리
이준기,1662920,연예인
이지은,581429,연예인
이벤트아트,215712,이벤트
이천카페,358002,여행/음식
이쁜네일,313234,뷰티
이승기,670234,연예인
이승현,540614,인물
이창섭,559917,음악
이벤트선물,242439,선물
이별,975292,감정
이케아,1144179,가구
이마트,921382,유통업체
이벤트그램,878249,이벤트
이천,1094968,장소
이자카야,1197709,음식
이준호,743882,인물
이유식,1900228,식품
이태원매시브,242604,식당
이홍기,516322,연예인
이니스프리,493745,뷰티 브랜드
이기광,449334,연예인
익산,1723362,여행지
익선동,1082256,지역
익선동핫플,99760,여행지
익스플로러,28948,여행
익산네일,185244,뷰티
익선동데이트,99236,데이트
익스트림,88730,스포츠
익산핫플,78514,여행
익산여행,77351,여행
익산가볼만한곳,64842,여행
익산미용실,60721,미용
익선동골목,57726,여행/명소
익스트림스포츠,38835,스포츠
익스테리어,36708,인테리어/디자인
익스트리,24627,스포츠
익선동술집,26561,음식점
익선동한옥마을,26455,관광지
익산눈썹문신,105033,미용
익산옷가게,102548,쇼핑
익산케이크,49611,음식
익산영등동,29085,장소
익숙함에속아소중함을잃지말자,14571,"인용구, 명언"
익산풍선,15840,"이벤트, 축제"
익산속눈썹펌,71614,뷰티
익스트림태권도,15808,스포츠
익산시,40564,지역
익산인셀덤,8678,라이프스타일
익산애견카페,16439,동물카페
익스트림파크,7398,레저
익산속눈썹,67631,미용
익산역,22262,여행
익산요가,13830,운동
익선동투어,10054,여행
익산화분,9812,예술
익산떡케이크,15556,음식
익명,27616,개인정보 보호
익산수제케이크,15464,음식
익선동와인바,13724,술집
익산아동복,22634,패션
익사이팅,9870,엔터테인먼트
익산두피문신,9796,뷰티
익산땡큐오블리,5937,뷰티
인스타,14072367,소셜미디어
인스타베이비,19335663,육아
인친환영,9356893,소셜미디어
인스타툰,2177660,만화
인스타푸드,3428991,음식
인스타패션,2136293,패션
인친,47749460,소셜미디어
인스타일상,3362843,일상
인물사진,3604424,사진
인테리어소품,4698309,가구/인테리어
인친해요,3086157,소셜미디어
인스타펫,2099280,반려동물
인테리어디자인,1420230,가구/인테리어
인스타독,4702425,반려동물
인생사진,1252386,사진
인스타네일,775600,네일아트
인스타뷰티,659476,뷰티
인천꽃집,586730,상업
인생글귀,471428,인용구
인천네일,1191050,뷰티
인천카페,1138332,식음료
인물촬영,655283,사진촬영
인스타코디,561760,패션
인스타라이프,686991,라이프스타일
인사동,962144,여행
인테리어스타그램,676318,인테리어
인스타마켓,531402,쇼핑
인스타마케팅,594369,마케팅
인간관계,477606,대인관계
인기네일,856348,미용
인계동맛집,437598,음식
인테리어그램,716198,인테리어
인내,157608,자기계발
인동,400265,도시
인스타감성,491724,소셜미디어
인스타사진,223298,사진
인생명언,251035,명언
인스타골프,242942,스포츠
인플루언서,785001,미디어
인생샷,2426789,사진
인제,248999,장소
인물화,847872,미술
인스타부업,233421,소셜미디어
인생네컷,1299210,사진
인피니트,1387450,음악
인물,1195263,사람
인스,678551,인스타그램
인친그램,269152,소셜미디어
읻다과일,5679,과일
읻따,2840,미술
일,1063539,업무
일러스트,13474036,미술
일요일,6922826,시간
일반인모델,1785877,패션
일상그램,11595907,라이프스타일
일본,9517945,여행
일기,3989254,일상생활
일상기록,8916635,라이프스타일
일본여행,3757501,여행
일러스트레이션,2218754,미술
일기장,855757,문구류
일러스트레이터,1904376,예술
일반인화보,456666,사진
일상툰,1524797,만화
일산,4230297,지역
일상사진,3096441,사진
일러스트그램,1048909,예술
일상코디,786372,패션
일본인,678600,문화
일하는엄마,167144,직업
일몰,1419548,자연
일식,929346,음식
일본어,442244,언어
일러스타그램,506908,미술
일러스트타투,412713,미술
일반인,361030,사람
일본가정식,319131,음식
일스타그램,1991045,소셜미디어
일수,199690,일본음식
일러,328808,미술
일하는중,140817,직장생활
일산호수공원,367100,관광지
일상공유,1276833,소셜미디어
일주일,228718,시간
일반인촬영,254882,사진작가
일상을여행으로,253309,여행
일출,1305981,자연
일산꽃집,304886,꽃
일본어공부,255590,언어
일본카페,172204,여행
일본네일,286908,미용
일본젤네일,145452,미용
일산네일,673212,미용
일본빈티지,641530,패션
일요일오후,296144,휴식
일본맛집,161192,음식
임영웅,22463953,음악
임재범,606397,연예인
임영웅팬덤,4173877,음악
임영웅유튜브,7262685,유튜브
임신,1446126,건강
임용고시,351620,시험
임영웅_넘사벽아티스트,3934545,음악
임부복,563962,패션
임현식,480500,연예인
임신스타그램,450952,SNS
임윤아,343410,연예인
임고생,335985,학생
임영민,263505,인물
임나연,136686,연예인
임시완,142351,연예인
임밍아웃,370037,엔터테인먼트
임창균,162727,연예인
임블리,112429,소셜미디어
임영웅사랑의콜센타,5654135,음악
임산부그램,1084974,건강
임영웅shorts,1549002,음악
임산부운동,112029,운동
임보처구해요,92470,도움
임영웅별빛같은나의사랑아,4517853,음악
임영웅hero,5860702,음악
임산부식단,93554,건강
임산부원피스,265187,패션
임용,134237,직업
임세준,119945,연예인
임영웅영웅시대,2582487,음악
임용스타그램,88579,SNS
임신기록,249469,건강
임영웅장르,885924,음악
임산부스타그램,454986,"임신, 육아"
임플란트,269138,"의료, 성형"
입생로랑,680253,"패션, 뷰티"
입양,1211221,"가족, 양육"
입양홍보,538365,사회활동
입술반영구,425690,뷰티
입시,575691,교육
입술문신,424732,뷰티
입양하세요,346741,동물
입술,317268,뷰티
입간판,210751,광고
입주가구,204499,가구
입욕제,200933,화장품
입트영낭독,188570,음식
입생로랑가방,107261,패션
입,75887,의류
입생로랑뷰티,48702,뷰티
입주청소,146421,청소
입주,126827,주거
입체자수,44841,자수
입양공고,144767,동물보호
입시생,136628,교육
입체케이크,101711,음식
입트영,58691,엔터테인먼트
입생로랑지갑,55461,패션
입트영낭독3개월플젝,33031,독서
입생로랑립스틱,32223,뷰티
입체초음파,194566,의료
입트영365챌린지,59565,온라인 이벤트
입술피어싱,40441,패션 및 스타일
입학식,225733,교육 및 행사
입점문의,26514,비즈니스 및 쇼핑
입꼬리필러,41991,뷰티
입생로랑쿠션,25161,뷰티
입주준비,40042,라이프스타일
입점,50673,비즈니스
입학,248155,교육
입트영낭독34,57376,입학시험
입대,78911,군대
입덧,131431,연극
입생로랑케이스,36904,패션
입양처를찾습니다,74634,동물
입트영낭독3개월플젝2기,27227,독서
입학선물,256818,교육
입생로랑클러치,44956,패션
입시컨설팅,30638,교육
입이트이는영어,29267,언어
입주인테리어,21485,인테리어
잇클린,363880,뷰티
잇프피,16835,패션
잇미샤,20563,뷰티
잇아이템,68746,패션
잇더서울,33041,여행
잇츠스킨,25897,뷰티
잇츠써니아웃사이드,19054,레저
잇텐고,18480,패션
잇존어패럴,11248,의류
잇포레스트,11146,자연
잇올스파르타,7977,스포츠
잇츠베러마요,7439,음식
잇와플,6674,음식
잇,4559,패션
잇승진,3789,연예인
잇츠메이크업,3911,뷰티
잇츄,19294,엔터테인먼트
잇메이트,19429,소셜네트워킹
잇츠라이팅,1805,글쓰기
잇츠라이브,11776,라이브스트리밍
잇츠베러,13370,음식
잇모어그린,1812,패션
잇슈,9494,엔터테인먼트
잇모어케이크,3790,음식
잇츠독,7299,음악
잇츠풋볼,3000,스포츠
잇츠그루밍타임,5351,엔터테인먼트
잇미샤원피스,1664,패션
잇스타그램,52697,소셜미디어
잇클린식단,8673,건강
잇탈리,8012,음식
잇슬림,7955,다이어트
잇츠더블슬림,1897,패션
잇츠온밀키트,1784,식품
잇팁특,1638,뷰티
잉글리쉬불독,244089,애완동물
잉,26961,소리
잉꼬,78999,동물
잉글리쉬쉽독,61025,영어
잉어타투,48600,문신
잉크,121011,미술
잉어,76883,동물
잉크네일,72028,뷰티
잉글리시에그,53648,음식
잉글레시나,41403,음악
잉가,9395,음악
잉크더에어리벨벳,7521,음악
잉크더벨벳,7304,음악
잉여공주,5505,엔터테인먼트
잉크무드글로이틴트,3961,뷰티
잉여특공대,2154,엔터테인먼트
잉크마뜨블러틴트,2007,뷰티
잉어빵,34734,음식
잉글리쉬코카스파니엘,33072,애완동물
잉크젤,19253,미술
잉구기,17233,동물
잉글리쉬머핀,16012,음식
잉글리시아이,12117,문화
잉글레시나트릴로지,10719,과학
잉글랜드왕돈까스,8076,음식
잉크타투,6917,미술
잉글리시타이거,6684,동물
잉글리쉬불독분양,5337,애완동물
잉글리쉬타이거,3575,동물
잉크의옷장,2693,패션
잉어도안,2180,미술
잉글리시버디,5455,음악
잉스타그램,16171,소셜미디어
잉어문신,5850,동물
잉글랜드,45297,국가
잉에,10091,지명
잉글리쉬페어앤프리지아,9591,식물
잉글리쉬블랙퍼스트,13901,패션
잉크무드매트틴트,2048,뷰티
잉불스타그램,14413,소셜미디어
잉글롯,2804,언어
잉크블랙카라,2652,패션
잉글리쉬로즈,17642,꽃
잉글리쉬세터,6927,애완동물
잉크토버,8182,예술
잉글리시불독,7930,애완동물
잉글레시나퀴드,4357,스포츠
잉글리시크레용,3177,예술
잉스웨빙,2461,라이프스타일
잉크플로우,1593,미술
잉글레시나패스트,1245,음악
잊지않겠습니다,168133,기억
잊,4834,감정
잊누너,108172,감정
잊지말자,83583,동기부여
잊지못할,61525,추억
잊지마요,20247,위로
잊지말아요,19304,감성
잊산,18378,여행
잊폭스,17654,엔터테인먼트
잊지않을께,13004,감성
잊혀진계절,12516,추억
잊어버리지마,10062,메시지
잊쁘니,2833,감성
잊지못해꽃게탕,2694,음식
잊지마,32740,감정
잊지않을게,21492,감정
잊자,11669,감정
잊fox,6385,동물
잊지못해,16741,추억
잊지않을게요,12900,감사
잊지마세요,10491,경고
잊지,8279,기억
잊음,3222,기억
잊지말아야할역사,2386,역사
잊고있던,4658,기억
잊준호,2109,인물
잊피치,1371,음식
잊쁘다,2727,감정
잊혀지다,2538,감정
잊지못할하루,10733,기억
잊지말기,8813,기억
잊지말기로해,2007,다짐
잊어야할일은잊어요,1886,잊기
잊혀진거인프로젝트,1879,프로젝트
잊복숭아,1751,식품
잊지않고,13220,기억
잊지못할순간,6484,추억
잊지못할거야,6275,기억
잊지않기,5981,기억
잊프1기,4889,기억
잊고있었다,3983,기억
잊지못할꺼야,2865,기억
잌,3871,개인 브랜드
잌핔,1009,패션
잍,1078,뷰티
잍스타그램,1041,사진 및 비디오 공유
잎,55210,식물
잎타투,26075,타투
잎사귀타투,14463,타투
잎사귀,15939,식물
잎꽂이,9012,꽃
잎차,8681,차
잎새버섯,5631,버섯
잎안개,5301,자연
잎새만두,4165,음식
잎설유,2243,미용
잎세주,2191,술
잎그리기,2189,미술
잎테,2162,식물
잎모란,1663,꽃
잎새주,63771,식물
잎새,7345,식물
잎사귀네일,2075,네일아트
잎새달닷새,1545,꽃다발
잎타투도안,1335,타투
잎새란,1194,꽃다발
잎실론,1093,식물
잎꽃농장,1037,농업
잎채소,1617,식재료
잎새매듭달,1382,꽃장식
잎파리,2999,식물
자취스타그램,377179,일상
자동차,1702561,운송수단
자전거,2648221,운송수단
자기계발,2265357,취미
자취요리,862222,요리
자켓,1372277,패션
자덕,748001,동물
자수,652701,수공예
자존감,451732,심리
자동차그램,387378,자동차
자라,391238,식물
자연,2879603,환경
자연광스튜디오,527805,사진촬영
자체제작,1543059,제품
자유여행,965878,여행
자취,665546,생활
자전거라이딩,268933,스포츠
자기주도이유식,240596,식품
자전거타는여자,237235,여성생활
자이언트펭tv,144653,엔터테인먼트
자연식물식,116375,식품
자격증,614433,교육
자취방,242273,주거 생활
자수타그램,114034,수공예
자기개발,386462,자기계발
자작글,578336,글쓰기
자석네일,410141,네일아트
자켓코디,381497,패션
자캐,301338,캐릭터
자덕스타그램,276174,동물
자취방인테리어,160839,인테리어
자몽에이드,561492,음료
자전거그램,193564,운동
자린이,292571,유명인
자석젤,264340,화장품
자매,2072557,가족
자취생,369013,생활
자연광,254479,사진
자화상,186992,미술
자산관리사,215706,직업
자유부인,1354497,사회 운동
자동차용품,115011,제품
자산관리,616971,금융
자매맘,1878295,가족
자카르타,158221,여행
자영업,445497,사업
자갈치시장,195540,시장
자연별곡,129134,음악
자,77906,인물
작가,1611904,문학
작곡,325371,음악
작업실,807113,업무 및 직장
작약,381021,식물
작품,970624,예술
작사,174225,음악
작가스타그램,163108,예술
작곡가,125974,음악
작가지망생,115269,문학
작은아씨들,69835,문학
작업치료사,62405,의료
작은집인테리어,60936,인테리어
작은것들을위한시,49523,문화
작은집,67981,주거
작은방인테리어,18498,인테리어
작년,276998,시간
작은얼굴,192822,외모
작업중,169145,진행중
작사가,50143,음악
작업실인테리어,44164,인테리어
작업치료,35427,의료
작곡스타그램,30555,음악
작은집꾸미기,21337,인테리어
작은카페,70433,카페
작약부케,35449,꽃다발
작곡과,15386,음악
작은얼굴관리,115958,뷰티
작전동,82596,여행
작은타투,69569,패션
작가와의만남,39281,예술
작약꽃,31347,식물
작은도서관,44872,도서관
작가노트,20341,문학
작품전시회,35574,미술
작은결혼식,83966,이벤트
작명,55127,이름
작은방,20040,주거
작명소,14994,이름
작은책방,46008,서점
작두콩차,88511,음료
작품사진,35888,예술
작심삼일,130741,목표 설정
작품판매,34700,비즈니스
작은서점,32660,서점
작은정원,27246,정원
작가공모,23564,예술
작가그램,23267,예술
작곡레슨,21316,음악
잔나비,351813,음악
잔,54954,음악
잔나비최정훈,10963,음악
잔디,191971,식물
잔머리,67209,머리 스타일
잔망루피,57422,만화
잔머리컷,52662,미용
잔머리펌,42720,미용
잔열,20911,요리
잔물결,17666,미용
잔기지떡,15881,음식
잔스포츠,14094,스포츠
잔지바르,12971,여행
잔장국,9742,음식
잔디공장,21658,식물
잔흔커버,141077,음악
잔잔,31057,감성
잔여백신,22154,의료
잔세스칸스,19034,댄스
잔망루피팝업스토어,14097,팝업스토어
잔치상,13023,음식
잔근육,12490,운동
잔머리스타일링,12236,미용
잔치음식,9587,음식
잔카,2706,이벤트
잔디밭,130034,정원 디자인
잔디캠핑장,7993,캠핑
잔나비전국투어,4316,음악
잔혹동화,6785,문학
잔칫날,7889,음식
잔다리페스타,7441,축제
잔차,16144,화학
잔소리,76646,일상
잔흔제거,41024,뷰티
잔다셀,4717,뷰티
잔존물,9126,예술
잔머리만들기,3003,미용
잔흔커버업눈썹,22379,메이크업
잔정국,4450,음식
잔잔한노래,9019,음악
잔주름,21492,미용
잔잔바리,6338,자연
잔도길,5688,여행
잔디트리,3952,식물
잔차나라,2546,역사
잔디마당,17297,가정
잘,344284,사람의 상태나 행동을 나타내는 해시태그
잘자요,2906032,일상 생활과 관련된 해시태그
잘생김,681691,외모와 관련된 해시태그
잘살아,140474,삶의 방식과 관련된 해시태그
잘부탁해,232710,인사
잘먹고,222534,음식
잘살자,156755,건강
잘츠부르크,138515,여행
잘먹고잘살자,93091,건강
잘쓸게,73045,소비
잘살아라,54773,삶
잘했고잘하고있고잘될것이다,10235,격려
잘자,601496,인사 및 문화
잘생긴,129350,외모 및 패션
잘생긴남자,81591,외모 및 패션
잘보고가요,62958,인사 및 문화
잘했어,204928,칭찬
잘먹을께,75253,음식
잘했다,71781,칭찬
잘놀았다,90866,여행
잘지내,47559,인사
잘될거야대한민국,25576,응원
잘어울려,64665,패션
잘할게,31991,응원
잘웃는아기,217484,"유아, 웃음"
잘지내자우리,13679,"소통, 가족"
잘먹었어,61411,"음식, 식사"
잘생김주의,129308,"외모, 미모"
잘자라우리아가,67915,아기 돌봄
잘사는법,17831,라이프스타일
잘자용,16371,수면
잘먹고잘살기,33189,건강생활
잘먹을게,68199,음식
잘때가젤이뻐,81389,생활
잘먹을게요,42898,음식
잘지내요,16545,건강
잘가요,48722,이별
잘먹자,35733,음식
잘나옴,33266,사진
잘살아보세,66880,건강생활
잠,462482,수면
잠뜰,25515,여행
잠실새내,198457,지역
잠봉뵈르,149258,예술
잠실눈썹문신,643770,뷰티
잠실미용실,192061,뷰티
잠원한강공원,74884,여행
잠자리독서,96624,취미
잠실속눈썹,187709,뷰티
잠실새내역맛집,57882,음식
잠실야구장,473038,스포츠
잠실종합운동장,88394,스포츠
잠옷공구,41477,의류
잠원동,65508,지명
잠실케이크,79682,식품
잠옷원피스,36538,의류
잠실필라테스,59219,운동
잠봉뵈르샌드위치,25786,음식
잠실새내역,58623,장소
잠못드는밤,118666,일상생활
잠옷추천,70814,의류
잠실핫플,59640,여행/명소
잠자는고양이,57386,동물
잠실새내술집,24562,식음료
잠재의식,24007,심리학
잠수풀,18805,자연
잠안오는밤,56588,문학
잡지,364694,문화
잡,6331,다양한 주제
잡채,619927,음식
잡스타그램,512240,소셜 미디어
잡화점,213510,쇼핑
잡화,201711,상품
잡곡밥,139919,음식
잡채밥,83493,음식
잡지모델,81411,취미
잡코리아,30311,"취업, 일자리"
잡지화보,28296,"패션, 미용"
잡채만들기,17606,"요리, 음식"
잡지스크랩,7431,"취미, 수집"
잡지부록,7010,출판물
잡지사진,4422,사진
잡지촬영,61510,사진
잡초,32241,식물
잡부,6275,일상생활
잡아바,4718,여행
잡지디자인,3787,미술 및 디자인
잡채레시피,3154,음식 및 조리
잡지다꾸,3249,취미
잡월드,19461,여행
잡았다요놈,26543,스포츠
잡탕밥,10871,음식
잡문,10165,도서
잡티케어,20276,뷰티
잡곡,18223,식품
잡티앰플,11034,뷰티
잡화도매,6102,비즈니스
잡티커버,8420,패션
잡지식,2534,문화
잡채호떡,7169,음식
잡티지우개,4305,동물
잡철,3583,폐기물
잡플랫,4531,가구
잡초제거,6307,정원 관리
잡초뽑기,9225,정원가꾸기
잡화상,4342,쇼핑
잡동사니,20663,다양한 상품
잡소리,7274,"이야기, 수다"
잡지책,2715,독후
잡지스타그램,8148,SNS
잡채김밥,3258,음식
잡다,3095,일상생활
잡솨,1862,음식
잣,25759,식재료
잣세븐,13269,브랜드
잣나무숲,16538,여행
잣향기푸른숲,5955,자연
잣나무,4849,식물
잣국수,2055,음식
잣고을시장,1900,장소
잣죽,5605,음식
잣설기,2574,음식
잣두부전골,1319,음식
잣박산,1086,식재료
잣묵사발,1076,음식
잣멸치볶음,1067,음식
장민호,469202,인물
장보기,438308,쇼핑
장박,124532,여가
전시장,73181,문화
장노출,159200,사회
장기동,292439,스포츠
장안동,362075,지역
장성,240745,지명
장근석,1284847,연예인
장원영,411574,연예인
장수원,212022,인물
장대현,110774,인물
헬스장,1815134,운동
장모치와와,1334819,반려동물
장태영,62000,인물
수영장,1777710,레저
장난,116714,놀이
장미,1947876,식물
장혁,311548,배우
장수커플,76706,연예인 커플
장기용,349049,배우
장미타투,203576,타투 아트
장우혁,201561,연예인
장하오,132763,요리
장마,994202,날씨
장나라,91434,드라마
장전동맛집,78197,식당
장어구이,450324,음식
장어,714307,음식
장우영,162164,연예인
장모닥스훈트,310095,애완동물
장유꽃집,90670,꽃집
장전동카페,68668,카페
장소,121038,장소
장동우,256797,연예인
장유네일,109341,뷰티
장미꽃,329408,식물
장산,325941,지명
장전동,132135,지역
장안동호빠,706245,엔터테인먼트
장안동네일,121014,뷰티
장난꾸러기,618344,일상생활
장이씽,246146,인물
장철한,78656,인물
장난감,1685389,놀이
장어덮밥,216889,음식
장교,161408,군대
잦은,1916,건강
잦은감기,1049,건강
재범,802083,범죄
재현,647694,인물
재민,564096,인물
재수생,317796,교육
재이홉,143430,음악
재미,907906,엔터테인먼트
재활,483386,건강
재즈,439919,음악
재활운동,401559,스포츠
재수,237473,교육
재택근무,720909,일자리
재택부업,658951,경제
재무설계,591684,금융
재중,293139,연예
재윤,278678,인물
재활용,213332,환경
재봉틀,180869,수공예
재밌다,819064,엔터테인먼트
재택알바,320582,일자리
재활필라테스,290116,운동
재무설계사,278849,금융
재태크,269779,금융
재생크림,173091,뷰티
재테크그램,154234,소셜미디어
재이,136602,개인 이름
재환,93237,인물
재수생공스타그램,79970,교육
재활용놀이,28131,환경
재,19490,문화
재즈바,116846,음악
재규어,85168,자동차
재즈피아노,81551,음악
재찬,50787,인물
재키스피닝,53925,트렌드
재키사이클,70073,환경
재밌는,132734,엔터테인먼트
재벌집막내아들,51049,드라마
재봉틀공방,56273,수공예
재봉틀배우기,44858,수공예
재즈댄스,46624,춤
재혁,77329,인물
재미있다,274503,엔터테인먼트
재봉,55360,패션
재무상담,271956,금융
재수생공스타,41295,뷰티 및 패션
재활치료,83194,건강
재효,50100,인물
재미어트,30305,엔터테인먼트
재부팅양준일,28818,엔터테인먼트
재미지다,239875,엔터테인먼트
재하,69067,음악
재송동맛집,64585,음식
재용,27644,환경
잭슨,1654418,이름
잭,122471,이름
잭러셀테리어,192350,애완동물
잭슨왕,67710,역사인물
잭러셀,67209,패션
잭더리퍼,41282,음악
잭슨나인스,24891,연예
잭퍼셀,24797,패션
잭슨피자,24658,음식
잭뱀,24633,동물
잭블랙,9126,예술/엔터테인먼트
잭슨파마,6382,여행/관광
잭러셀테리어분양,1932,애완동물
잭슨심,1848,음악
잭쉘터플러스,1674,여행
잭리빈,169293,음식
잭팟,53497,게임
잭콕,40982,음료
잭재,6416,음식
잭킹콩,6121,영화
잭슨홀릭,4891,팬덤
잭에프론,3643,연예인
잭쉘터,2293,영화
잭크래프트,2019,게임
잭스바,3388,여행
잭슨폴락,3235,예술
잭슨폴록,4122,예술
잭슨나인스세종,2618,역사
잭앤질,3881,영화/연극
잭진,5316,영화/연극
잭아저씨족발보쌈,5444,음식
잭포즌,1452,영화/연극
잭슨나인스창원,3178,스포츠
잭오랜턴,16909,축제
잭서프,3106,여행
잭신,3772,패션
잭나이프,3748,도구
잭잭,5057,개그
잭맠,4062,개그
잭스,2555,게임
잭러셀테리어믹스,2462,반려동물
잭인뉴욕스테이크하우스,1745,음식
잭클린,1671,인물
잭슨나인스일산,2067,장소
잰,7430,브랜드
잰슥,2050,브랜드
잰잰스튜디오,2912,브랜드
잰틀몬스터,1439,브랜드
잰스타그램,2829,소셜미디어
잰블리,2633,패션
잰범,1933,뷰티
잰아트앤솝,1803,예술
잰슨,1409,인물 또는 캐릭터
잰이,1441,인물 또는 캐릭터
잰잰그램,1411,소셜 미디어
잰잘잰잘,1057,문구 또는 문학
잰이그램,1694,소셜미디어
잰네일,1316,뷰티
잰성장일기,1187,개인개발
잰잰,1129,일상생활
잴,2778,뷰티
잴네일,6215,뷰티
잴스타그램,2581,소셜미디어
잴리캣,1468,애완동물
잴아트,2199,예술
잼,212695,먹거리
잼잼이,19307,유튜브
잼라이브,82469,라이브 방송
잼잼,127760,음식
잼민이,76801,유명인
잼잼몬스터,16671,캐릭터
잼버리,11648,패션
잼런,10661,엔터테인먼트
잼리퍼블릭,7624,브랜드
잼라이브우승,6982,이벤트
잼머의집,6701,게임
잼아저씨,5819,캐릭터
잼엔터테인먼트,5372,엔터테인먼트
잼누나,3752,유머
잼잼잉글리쉬,2894,교육
잼스타그램,26216,소셜 미디어
잼만들기,10514,요리
잼머,7140,게임
잼쿠키,5679,베이킹
잼먹,5464,음식
잼페이스,4538,소셜미디어
잼버스코리아,4404,여행
잼프,4403,엔터테인먼트
잼먹밥솥칸막이,3454,음식
잼송이,2460,음악
잼하인드,1606,엔터테인먼트
잼잼잉글리쉬공구,1291,쇼핑
잼형,2771,유머
잼뱅크,1583,엔터테인먼트
잼나,53826,긍정적인 표현
잼스콘,4111,"음식, 디저트"
잼팍어드벤쳐,1692,엔터테인먼트
잼스튜디오,2882,엔터테인먼트
잼팟,2038,기술
잼대잼,2021,엔터테인먼트
잼버스,4223,이벤트
잼있다그램,30997,엔터테인먼트
잼민,6605,유머
잼나다그램,9999,긍정적인 표현
잼이슈,1542,뉴스 및 이슈
잼나다,41369,엔터테인먼트
잼잼놀이쿡,2886,"라이프스타일, 요리"
잼있다,90264,엔터테인먼트
잼재미뮤직앤플레이,5363,엔터테인먼트
잼있는인생,4083,삶의지혜
잼나이프,3299,요리
잼난동영상,3091,엔터테인먼트
잼팍,2455,음식
잼먹이유식,2107,음식
잽,2343,스포츠
잿방어회,1079,음식
잿빛하늘,3310,자연
쟁반짜장,94379,음식
쟁반춤,3282,문화
쟁반,23707,음식
쟁부리우드,1155,엔터테인먼트
쟁여템,27947,패션
쟁여놓기,12671,미술
쟁이no1,3512,엔터테인먼트
쟁반집8292,3305,소셜미디어
쟁부리섬총각,1193,동물
쟁이,9919,인물
쟁이기,6199,스포츠
쟁반짬뽕,4094,음식
쟁찌,3581,별명
쟁이벨리댄스,3469,춤
쟁기자세,2160,운동
쟁반집,2551,식당
쟁반노래방,1595,엔터테인먼트
쟁임병,1814,의학
쟁탈전,11767,역사
쟁여두기,8342,전통음식
쟁반같이둥근달,5845,조리도구
쟁임템,3102,가정용품
쟁반냉면,1603,음식류
쟁반모밀,1370,음식
쟁반자장,1154,음식
쟁밤,1101,문화
쟁취,2855,식물
쟁스타그램,2356,소셜 미디어
쟁반같이,1432,음식
쟁겨놓기,1718,가구
쟁여놔야지,1396,일상생활
쟁겨두기,1154,농업
쟁임각,1051,농업
쟂,1717,문화
쟂니,3448,문화
쟄조이,1070,엔터테인먼트
쟈딕앤볼테르,19121,패션
쟈니덤플링,20945,엔터테인먼트
쟈뎅,16284,엔터테인먼트
쟈,1147,이름
쟈스민,34943,식물
쟈켓,27006,패션
쟈딕,19749,인물
쟈끄데상쥬,9919,패션
쟈니슈즈,6507,패션
쟈칼,4392,동물
쟈딕엔볼테르,4339,역사
쟈니스,4093,인물
쟈딘앵무,3623,동물
쟈딕원피스,3592,패션
쟈니스타,2120,엔터테인먼트
쟈링센세,1272,뷰티
쟈니서,4628,엔터테인먼트
쟈뎅드라망,1967,여행
쟈스민네일,1574,패션
쟈링,1536,패션
쟈케,2686,여행
쟈스민드블랑,1149,뷰티
쟈도르,3591,음식
쟈뎅드소피,1775,패션
쟈니즈,1748,음악
쟈창차이,4839,엔터테인먼트
쟈켓코디,2117,패션
쟈가드,9850,의류
쟈가리코,4054,패션
쟈딕니트,1844,의류
쟈뎅디베르,1766,의류
쟈뎅아워티,2533,음료
쟈니덤블링,1599,스포츠
쟈이,1589,인물
쟈뎅커피,1344,음료
쟈딘,1318,인물
쟈스민라운지,1233,여행
쟈뎅드슈에뜨,1163,패션
쟌,3320,인물
쟌슨빌,7735,지명
쟌피오베르,2297,지명
쟌느,1953,음식
쟌슨빌부대찌개,1861,음식
쟌재,1228,인물
쟌스타그램,6206,소셜미디어
쟌과함께열공,1497,운동
쟌슨빌핫도그,1253,음식
쟌이의하루,1200,일상 블로그
쟌쟌이,4293,개인 브랜드
쟌블리,2271,패션
쟌이스타그램,1042,소셜 미디어
쟌서,2199,문화
쟌죠,2015,엔터테인먼트
쟌쟌쟌,1872,엔터테인먼트
쟌이베베,1303,엔터테인먼트
쟌쟈스타그램,1791,인물
쟌블리ෆ,1078,엔터테인먼트
쟐로,9990,음식
쟝블랑제리,16816,애니메이션
쟝,2417,패션
쟝폴폴댄스,10908,댄스
쟝폴,9510,패션
쟝리,7017,패션
쟝천,4032,지역
쟝리카페,1829,엔터테인먼트
쟝리6_6,1567,이벤트
쟝쟈라쟝,1058,브랜드
쟝고,1985,패션
쟤,4278,사랑
쟤스타그램,1223,소셜미디어
쟤는,2305,개인적인것
쟤가,1328,인물
쟤왜저래,1143,감정
쟨쿤,1980,연예인
저,115881,인물
저녁밥,1007447,음식
저탄고지,508215,다이어트
저녁식사,1354231,음식
저녁식단,334326,다이어트
저장,145284,일상
저탄고지식단,105717,건강
저승사자,87503,영화
저탄수화물식단,68051,건강
저녁같이드실래요,42313,요리
저격글귀,19231,명언
저축,532750,금융
저스디스,21733,음악
저널,78402,문화
저탄수화물,64299,건강
저탄고지다이어트,49874,건강
저녁스타그램,387281,음식
저칼로리,166425,건강식
저스트절크,25792,운동
저녁반찬,131945,조리
저칼로리식단,75061,건강식
저염식,98015,건강
저축챌린지,62451,금융
저스티스,23706,사회
저녁운동,181663,운동
저스트텐동,26025,음식
저먼셰퍼드,36505,반려동물
저쪽,46121,위치
저녁뭐먹지,122725,음식
저탄수빵,17396,식품
저탄수고지방,21253,식품
저학년,25483,교육
저금,39591,금융
저녁하늘,177296,자연
저수지,72099,자연
저렴한네일샵,128400,쇼핑
저승이,43337,영웅신화
저상형침대,21531,가구
저그,14711,게임
저자극,158434,라이프스타일
저칼로리간식,32931,식품
저장각,28284,가구
저격,21153,스포츠
적재,103460,물류
적금,185005,금융
적,8155,색
적시바,140449,패션
적합,20534,비즈니스
적십자,20417,의료
적정온도,13315,환경
적산가옥,12432,건축
적당,12305,일상
적금만기,10757,금융
적재의야간작업실,8195,학업 및 업무
적금추천,6662,금융
적재학부모회,4833,교육 및 가정
적당하게먹기,14534,식품 및 영양
적금통장,6185,금융
적성,26672,성격
적폐청산,23821,사회문제
적립금이벤트,14466,이벤트
적벽강,13868,여행
적당히먹기,13748,식사
적기교육,11781,교육
적당한,10714,적절함
적벽,8438,건축물
적외선사진,5661,기술
적려열파,4702,자연
적벽돌,3726,건축재료
적당히가까운사이,3252,인간관계
적성고사,2628,학업
적게소유하기,1712,소유
적재콘서트,2490,음악
적응기간,93283,삶의 변화
적호서생,7704,도시 생활
적상산,5515,여행
적립금,36036,경제생활
적극행정,6360,정부 정책
적정국,4815,정부 정책
적금샷,7360,금융 상품
적월,12015,"시간, 달력"
적성검사,11151,심리테스트
적극추천,47326,"제품, 서비스"
적산가옥카페,2107,"여행, 음식"
적셔,50312,"패션, 뷰티"
적반하장,7924,신체적 건강
적응안됨,23989,심리적 건강
적당히해라,18076,적절한 행동
적양파,9158,식품 및 조리
적재함,5120,화물운송
적당한거리,4892,운동
적포도주,4661,와인
적석산,3883,지질학
적립,18002,리워드
전,416579,통신
전시,2471503,문화
전시회,2987391,문화
전원우,292810,연예인
전주여행,1244766,여행
전포카페거리,1579317,카페
전원주택,555115,주택
전주한옥마을,1523449,여행
전포카페,1000752,음식/음료
전신스타그램,585604,사진/영상
전시회추천,392466,문화/예술
전지현,253253,연예인
전소미,196073,가수
전남,842934,지역
전주맘,778747,육아
전포동카페,489765,지역 카페
전시추천,323007,문화
전라도여행,327992,여행지
전신운동,190548,운동 및 피트니스
전포동맛집,566891,"음식, 맛집"
전북현대,191883,"지역, 미술"
전신,484727,"미용, 피트니스"
전통시장,113832,"쇼핑, 시장"
전남여행,212970,여행
전포,630018,지역
전대후문,470764,학교
전복,701280,음식
전리단길,449591,관광명소
전주신시가지,340047,역사
전주핫플,333505,음식
전세,127015,부동산
전집,99004,도서
전포동카페거리,306359,여행
전기차,192905,자동차
전원생활,220671,라이프스타일
전시회스타그램,128739,예술
절,208164,종교
절찬상영중,146105,영화
절친,513724,사람 관계
절경,77211,여행
절물자연휴양림,62610,자연
절약,60694,환경
절편,49288,가정
절미,19216,한국 전통 미술
절지류,16676,자연
절대쌍교,14107,종교
절편플라워,12584,예술
절대그이,12144,영화
절권도,6985,역사
절약스타그램,6873,라이프스타일
절대극비로맨스,3687,"영화, 로맨스"
절세,49010,금전 관리
절제,48252,생활 습관
절임배추,23440,음식
절물휴양림,17712,여행
절주서포터즈,16860,음주 관련
절스타그램,13775,사진 및 소셜 미디어
절밥,12316,음식
절대음감,10430,감각
절편공예,9661,공예
절식,8960,요리
절곡,6440,음악
절미스타그램,4727,"사진, SNS"
절약정신,4158,금전 관리
절영해안산책로,13295,여행
절제의성공학,3582,경영 및 비즈니스
절삭공구,3691,공구 및 장비
절편꽃,4943,식물
절화,9195,예술
절대품질,8017,제품
절벽,41803,지형
절친스타그램,70758,소셜미디어
절절포,4860,패션
절지동물,4779,동물
절도,5849,범죄
절찬스트리밍중,3215,엔터테인먼트
절편떡케이크,8241,음식
절찬판매중,11240,쇼핑
절단,10379,제조업
절개,14201,미용
절실함,12793,감정
절기,10190,계절
절세미녀,6918,외모
절대갈비,6839,음식
절편케이크,3256,음식
절씨구,1758,지명
점심식단,311022,건강식품
점심도시락,306884,음식
점심시간,1251835,시간
점심스타그램,488413,사진
점심식사,570405,음식
점심밥,253771,음식
점프수트,239375,패션
점프샷,216202,스포츠
점핑다이어트,119959,건강
점프슈트,98443,패션
점집,91930,여행
점묘타투,89948,미술
점,69890,문화
점심어택,51213,음식
점핑하이,48901,운동
점퍼,208245,패션
점섞슬,21845,뷰티
점핑,126519,운동
점타투,36157,미술
점핑운동,82554,운동
점심특선,137716,식음료
점심추천,131575,식음료
점심뭐먹지,122884,식음료
점토,30285,예술 및 공예
점프올,13285,운동 및 피트니스
점토슬라임,9888,장난감
점퍼루,101133,의류
점프윙스,17031,스포츠
점프윙스줄넘기클럽,13533,운동
점보씨푸드,11560,음식
점집추천,40372,식당
점잘보는곳,36039,관광지
점묘화,14535,미술
점자,9072,시각 장애인
점프수트코디,21020,패션
점성학,11580,천문학
점프,183846,운동
점성술,14656,영적 신념
접시,381227,식기
접시스타그램,67358,사진 공유
접이식테이블,23895,가구
접사,69914,언어
접대,66777,서비스
접이식자전거,29404,운동
접시꽃,27650,조경
접시만들기,27405,공예
접촉사고,25852,안전
접시세트,19481,주방용품
접는김밥,4131,음식 만들기
접어먹는김밥,3638,음식
접시고기,3164,음식
접영웨이브,2140,스포츠
접종,61256,의학
접종완료,48653,건강
접이식,14869,가구
접이식어닝,13260,인테리어
접짝뼈국,10022,음식
접배평자,9569,문서작성
접이식의자,8704,가구
접촉성피부염,8484,피부건강
접사사진,7410,사진촬영
접이식선풍기,6156,전자제품
접속무비월드,3933,엔터테인먼트
접이식욕조,8828,가정용품
접시추천,8865,주방용품
접시정리대,1482,주방용품
접이식매트리스,4278,캠핑용품
접속,8560,인터넷
접이식전기자전거,3957,이동수단
접이식카트,5176,여행용품
접영연습,1385,스포츠
접이식침대,3459,가구
접미,3361,패션
접시꽂이,1832,주방용품
접대장소,7029,이벤트
접사촬영,2183,사진촬영
접대캠핑,5926,캠핑
접착식앨범,4409,공예
접종열,31077,의학
접지,4894,전기
접사렌즈,4092,광학
접시공구,3940,주방용품
접수증이벤트,1618,이벤트
접이식포트,1316,주방용품
접시정리,1290,주방정리
젓가락행진곡,7875,음식
젓국갈비,4743,음식
젓갈추천,5725,음식
젓갈택배,3966,음식
젓가락연습,3659,요리
젓갈볶음밥,3232,음식
젓가락스테이크굽다,2154,요리
젓갈요리,1658,음식
젓가락질연습,4819,요리도구
젓갈반찬,2978,음식
젓갈류,2454,음식
젓갈선물세트,1869,선물
젓소,1529,음식
젓갈세트,1753,음식
젓갈스타그램,1178,음식
젓갈주문,1101,음식
젓갈판매,1056,식품
젓갈전문,1002,식품
젓소냥,2877,음식
정국,6217418,연예인
정호석,3375122,연예인
정한,836471,연예인
정인,238198,연예인
정찬우,382174,연예인
정리정돈,287010,생활
정연,919915,음악
정용화,563553,연예인
정일훈,448032,연예인
정우,395871,연예인
정은지,357736,가수
정우성,233519,배우
정은비,158761,모델
정인아미안해,147315,인간 관계
정예린,147239,개인
정,135255,인간 관계
정일우,201835,개인
정소민,188264,연예인
정재현,182735,연예인
정시,355223,시간
정유미,141432,연예인
정세운,106639,연예인
정시파이터,104582,게임
정윤호,415359,연예인
정장,467673,패션
정지훈,118633,연예인
정채연,96523,연예인
정관장,190531,브랜드
정읍,407261,지역
정은채,59056,인물
정호연,39097,인물
정동진,392988,장소
정승환,162919,인물
정화,162874,인물
정준영,161714,인물
정윤오,108662,인물
젖병,101414,육아
젖병소독기,80527,육아용품
젖소,59895,농업
젖소냥,90284,동물
젖병세정제,51416,소독제
젖병추천,50089,육아용품
젖병세제,35962,청소용품
젖몸살,20974,건강
젖소고양이,16164,동물
젖은머리,15932,아기용품
젖소네일,12798,미용
젖병건조대,9451,육아용품
젖꼭지,9278,육아용품
젖가슴,1069,건강
젖탱이,1043,육아
젖소냥이,21724,애완동물
젖병소독,10525,육아
젖병소독기추천,10437,육아용품
젖병솔,6635,육아용품
젖소무늬,4265,농가
젖병세척솔,3951,육아용품
젖음,3943,농업
젖소목장,3638,농업
젖병거부극복,3572,육아
젖갈,2404,동물복지
젖병보관함,2203,육아용품
젖소농장,3681,농업
젖은머리스타일링,2254,미용
젖소부인,2049,농업
젖병파우치,3725,유아용품
젖병소독기공구,1416,유아용품
젖병잡고먹기,2645,육아
젖병집게,1388,육아
젖소라이프,2024,"농장, 농업"
젖소태비,6443,"축산, 농업"
젖병등대,2791,"육아, 아기용품"
젖병끊기,2732,"육아, 아동습관습득"
젖병잡기,2608,육아
젖살,4605,건강
젖병세제추천,3365,"육아, 소비재"
젖병세척,5741,육아
젖은,2822,신체
젖니,6869,치아
젖병세정제추천,4906,육아
젖었다,3507,감정
젖병떼기,3362,육아
젖병계의샤넬,1671,육아
젖소우유짜기,1200,음료
젛아요반사,6171,음식
젛아요,13129,긍정적인 표현
젛반,2752,먹거리
젛아,3322,먹거리
젛다,1250,긍정적인 표현
제주도,18848599,여행지
제주,14222236,지명
제주여행,10266638,여행
제주도여행,7075976,여행
제주맛집,5493319,음식
제주카페,3330585,음식
제이홉,2678689,연예인
제노,482220,연예인
제주도카페,1809240,여행
제주살이,2890906,라이프스타일
제이비,711423,엔터테인먼트
제이,666007,인물
제주도민맛집,1337766,음식
제품협찬,1129928,마케팅
제주스냅,1067555,여행
제로웨이스트,604773,환경
제주핫플,1534851,여행
제품제공,2436079,비즈니스
제주도민,1999310,지역
제주도가볼만한곳,1236010,여행
제주가볼만한곳,1445723,여행지
제주숙소,672596,숙박
제주여행코스,636911,여행지
제주도숙소,497639,숙박
제주도스냅,654856,여행
제주웨딩스냅,540840,결혼
제과,416781,음식
제이크,456663,인물
제주한달살기,465797,여행
제주공항근처맛집,1110286,음식
제시,262391,인물
구제,1840591,패션
제육볶음,626766,음식
제네시스,279421,자동차
제천,681499,도시
제주핫플레이스,810922,여행
제주바다,861141,여행
제주스타그램,715068,"여행, 사진"
제주독채펜션,331171,숙박
제시카,344339,연예인
제주도핫플,470943,여행
제주맘,1066742,육아
제품촬영,433108,사진촬영
제주원데이클래스,168900,교육
제주라이프,731252,"여행, 지역"
제주감성숙소,318489,"여행, 숙박"
젝스키스,729161,"음악, 아이돌"
젝키,456937,"음악, 아이돌"
젝시오,37915,음악
젝스믹스,6103,음악
젝러셀테리어,5916,반려동물
젝시믹스100일챌린지,4128,믹스음악 도전
젝시오드라이버,3412,자동차 레이싱
젝시가든,3010,음악
젝시오레이디스,2873,엔터테인먼트
젝시미스,2405,패션
젝시맨즈,2370,패션
젝시믹스코스메틱,1790,뷰티
젝스키스_6명_지지합니다,1668,음악
젝시오11,1858,스포츠
젝스키스20주년축하해,29173,음악
젝키팬,3656,팬덤
젝슨,3403,인물
젝스키스에이틴,2595,음악
젝시믹스맨즈,1793,음악
젝트,1502,엔터테인먼트
젝스키스_21주년_축하해,1308,음악
젝시오아이언,1265,엔터테인먼트
젝시즈,1173,음악
젝키인형,1127,완구
젝스키스_20주년,3189,음악
젝시믹스키즈,1232,"음악, 어린이"
젝스키스콘서트,20227,음악
젝슨주니어,2123,연예인
젝시오x,1207,음악
젝시오엑스,2600,음악
젝키의_24번째생일_축하해,1312,축하
젝시믹스운동복,1497,패션
젝시오일레븐,1093,엔터테인먼트
젝그,1005,음악
젝키컴백,4550,음악
젝키의꽃_강성훈,2893,연예인
젝퍼셀,1139,패션
젝키신곡,1016,음악
젠,59298,인물
젠더리스,42119,패션
젠틀핑크,53198,패션
젠더리스룩,17618,패션
젠틀맘,6931,육아
젠츄리챙,12307,가정용품
젠탱글아트,11883,미술
젠느프리미어,2738,패션
젠틀키친,5795,음식
젠쿱380,6703,기술
젠탱글패턴,4049,패션
젠하이드어웨이제주,5504,여행
젠스타일,6705,패션
젠하이드어웨이,14278,엔터테인먼트
젠리사,6500,개인
젠더리빌,8708,지역
젠더,14019,사회
젠하이저,13987,기술
젠틀우먼,6993,패션
젠더리빌풍선,9259,문화
젠더리빌파티,7798,이벤트
젠데이아,5321,뷰티
젠틀서울,3999,패션
젠쿱오너,3223,라이프스타일
젠사이,2798,아시아 문화
젠탱글배우기,2430,취미
젤,581074,뷰티
젤네일,14055918,뷰티
젤네일아트,2547745,네일아트
젤아트,1753669,네일아트
젤패디,1741880,네일아트
젤네일전문,452643,네일아트
젤연장,394550,네일아트
젤네일추천,354508,뷰티
젤페디,289122,뷰티
젤네일전문샵,215534,뷰티
젤네일디자인,331007,미용
젤네일잘하는곳,392687,미용
젤스타그램,283218,미용
젤리펌,267075,미용
젤리,670920,음식
젤리케이스,211116,패션/액세서리
젤리멜로,74973,음식
젤디자인,137580,디자인
젤라또네일,91373,네일아트
젤리핏,67554,뷰티
젤리캣,117162,애완동물
젤패디큐어,130254,네일아트
젤캔들,77125,홈 인테리어
젤캔들홀더,62172,홈 인테리어
젤리피쉬,28149,동물
젤리빈네일,15813,패션
젤네일아트디자인,42394,네일아트
젤그라데이션,89597,네일아트
젤네일유지력,83530,네일
젤패디아트,71944,네일아트
젤리크루,20149,패션
젤리슈즈,47001,패션
젤제거,21448,뷰티
젤아트디자인,21912,미용
젤라또픽,25619,음식
젤리슬라임,17752,장난감
젤프렌치,96117,미용
젤전문샵,72700,비즈니스
젤추천,16811,뷰티
젤유지력,81084,뷰티
젤전문,71281,비즈니스
젤아트전문,67769,미용
젤네일저렴한곳,42594,미용
젤네일이벤트,29106,이벤트
젤네일오래가는곳,52357,미용
젤라또아이스크림,33847,음식
젬,12298,보석
젬앤페블스,7170,보석
젬스톤,46830,보석
젬베,14968,동물
젬마월드,8434,여행
젬인아이,8114,가족
젬블로,7101,게임
젬스톤캔들,5189,라이프스타일
젬소,4347,패션
젬소속눈썹영양제,3214,뷰티
젬마알루스,3164,뷰티
젬마카롱,1966,음식
젬소공구,1623,쇼핑
젬마벨라,1124,개인 브랜드
젬소노테라피,1013,뷰티/스킨케어
젬마,16306,보석
젬스쥬얼리,7621,보석
젬마코리아,2563,보석
젬젬,2492,보석
젬소영양제,2164,건강
젬베공연,2105,문화
젬아워렌즈,1957,패션
젬마찬,1676,인물
젬마주주,1578,주류
젬마타투,1568,타투
젬브로스,1317,음식
젬스톤솝,1319,화장품
젬베콜라,1316,식품
젬스톤송정,1179,여행
젬베기초,1248,교육
젬마파우치,1239,패션
젬마스튜디오,2401,뷰티/패션
젬아워,2376,뷰티/패션
젬스톤바버샵,1200,뷰티/패션
젬마그녀와,2008,뷰티/패션
젬마스토리,1385,엔터테인먼트
젬마한식디저트연구원,1233,음식
젬스튜디오,1002,미술 및 디자인
젭,3539,없음
젭스,5051,음악
젭스영어성경홈스쿨,2082,교육
젭알,26341,엔터테인먼트
젭꿍,1788,엔터테인먼트
젭라,1439,여행
젭티리프레쉬주스바,1002,식음료
젯시티,4594,여행
젯스타,1960,여행
젯팅,2491,여행
젯소,4706,레저
젯파일럿,2324,항공
젯블랙,2066,패션
젯소칠,1663,여행
젯키즈,1362,유아
젯트스키,1329,스포츠
젱양,1044,지역
젱이홉,1629,연예인
젲우,4394,동물
젶스타그램,3017,사진
젶프프,2872,스포츠
져지,71171,음악
져,1071,연예
져이홉,13625,음악
져아,7769,연예
져키,6271,게임
져지월드,3369,게임
져지코디,3312,패션
져지원피스,1676,패션
져먼세퍼트,1579,개종
져스트프로젝트,1214,기술
져먼셰퍼드,1025,개종
져서,1356,여행
져앙,1226,감정
져히,1148,감정
져도괜찮아,2018,긍정적
져아져아,1997,유머
져지얀,1943,패션
져지빈티지,1255,패션
져도,1116,여행
져카보이,1048,패션
젹스타그램,2280,소셜미디어
젼,2684,뷰티
젼정국,2528,연예인
젼식단,1257,건강생활
젼스타그램,2131,SNS
젼화영어비교,1258,언어학
졀네일,2273,미용
졋다,1036,감정표현
졍,3939,인물
졍스타그램,4779,소셜 미디어
졍졍아가,2367,육아
졍졍임신,1974,가족생활
졍_식단,1282,건강
졍플,1045,라이프스타일
졓아,3511,휴양지
졔,3586,음악
졔졔네일,2645,뷰티
졔졔카롱,2246,먹거리
졔졔,4320,엔터테인먼트
졔크리,1102,패션
졔이홉,1730,연예인
졔언니네토퍼,1044,유튜버
졔이히,1010,패션
졔스타그램,4448,소셜미디어
졔의일기,1218,일기
졔빵,1076,음식
졔졔플,1036,브랜드/상품
졔언니네작업실,1014,예술/공예
졩블리,2598,패션
졩스타그램,3258,소셜미디어
조정석,254647,연예인
조명인테리어,290424,인테리어
조승우,189710,연예인
조슈아,618506,음악가
조인성,228333,배우
조깅,531765,운동
조거팬츠,501560,패션
조던1,288338,운동화
조유리,240755,연예인
조경,210741,배우
조말론,182621,유명인
조규현,162243,연예인
조규성,66470,연예인
조카스타그램,1212103,"가족, SNS"
조개구이,872508,음식
조현우,54885,연예인
조화,366419,예술
조소,96508,문학
조아,214775,엔터테인먼트
조선팰리스,361145,역사
조르지오아르마니,66261,패션
조카바보,1389722,가족
조각,340577,미술
조용한카페,222261,여가
조언,140167,인생
조화부케,104265,꽃(Art)
조례동,172900,지역
조각케이크,155402,음식
조카사랑,644833,가족
조리원,448889,의료
조개찜,281798,음식
조향사,89526,문화
조명디자인,88329,디자인
족발,1263169,음식
족구,76587,스포츠
족저근막염,39712,건강
족발야시장,35984,음식
족욕,91176,"건강, 레저"
족발스타그램,53578,음식
족욕카페,35039,레저
족발집,20498,음식
족발보쌈,18510,음식
족두리봉,16144,스포츠
족자카르타,14717,여행
족자,13573,문화
족두리,11352,식품
족구왕,9511,스포츠
족발쌀롱,9317,음식
족,3966,스포츠
족떡이네,15825,음식
족발덮밥,10925,음식
족욕기,9767,생활용품
족발튀김,4800,음식
족발공장,6188,비즈니스
족저근막염치료,1211,건강
족발먹방,8120,음식
족발살롱,3135,식당
족저근막염신발,2645,의류
족발집배원,5794,음식 배송
족발팩토리,3426,음식 제조
족발포장,3735,음식 포장
족구화,2403,스포츠화
족욕제,5903,피트니스 용품
족발의장인,3393,음식
족저근막염깔창,2937,의학
족발의격,14430,음식
족보세트,9061,가족
족스타그램,12238,음식
족장,7204,리더십
족발사랑,6996,음식
족발은,5397,음식
족발그램,5034,사진
족발신발,2979,패션
족구스타그램,2051,스포츠
존,21839,긍정적인 표현
존맛탱구리,247829,음식
존잼,717046,엔터테인먼트
존버,161371,인터넷 slangs
존예보스,120948,엔터테인먼트
존중,82150,사회
존노,59468,라이프스타일
존프랭클주짓수,37879,스포츠
존쿡델리미트,31033,요리
존박,27823,연예인
존리,11362,금융
존슨브라더스,10902,영화
존재만으로빛나는,7521,긍정적 자기관리
존리의부자되기습관,4552,재무 교육
존귀,139639,자부심
존예탱,44319,미모 및 패션
존디어,3828,유명인
존윅,19935,영화
존다이어트,6147,건강
존버거맨,5893,음식
존버거,7502,음식
존파이퍼,4134,음악
존바바토스,14962,역사
존리의금융문맹탈출,1697,금융
존경,80000,사회
존프랭클,9266,인물
존재,54026,철학
존버는승리한다,36110,문화
존버정신,22658,자기계발
존폴쥬얼리,7510,패션
존귀탱,73400,뷰티
존쿡,11363,요리
존슨즈베이비,5024,제품
존버닝햄,4309,인물
존재만으로_힘이되는_제이홉,4273,음악
존조,4195,종교
졸업사진,567635,"졸업, 사진"
졸업식,913240,"졸업, 축제"
졸귀,1175155,"인터넷 용어, 칭찬"
졸귀탱,1258755,"인터넷 용어, 칭찬"
졸업선물,310376,이벤트
졸리다,195313,감정
졸업여행,120187,여행
졸업전시회,99182,이벤트
졸리점퍼,93392,패션
졸업작품,92564,미술
졸업전시,91046,미술
졸작,69845,학업
졸사,68619,대학 졸업
졸업스냅,55729,졸업 사진
졸린,42397,피로
졸린수영복,14829,수영복
졸림,183712,졸음
졸맛,164932,음식
졸리컷,43526,영화
졸꾸러기,15891,애완동물
졸업앨범,39317,기념품
졸사컨셉,9344,졸업
졸업풍선,48623,축하
졸업메이크업,64750,뷰티
졸업사진촬영,22341,사진촬영
졸탄쇼,6379,축제
졸업생,72282,대학생활
졸업사진포즈,5417,사진촬영
졸업연주회,28347,음악 공연
졸리비,22457,애완동물
졸린수모,8299,수영
졸업공연,26437,학교 행사
졸업식풍선,24057,축하 이벤트
졸업식꽃,40007,꽃다발
졸업작품전,15335,미술전시
졸업식포토존,10653,사진촬영장소
졸업식코디,8763,패션
졸업작품전시회,10974,미술
졸업사진컨셉,52325,사진
졸업꽃풍선,21044,축하
졸업장,20646,축하
졸업케이크,18894,축하
좀,223389,소소한 일상
좀비탐정,15533,영화/도서
좀비아일랜드,11238,게임
좀작살나무,3455,식물
좀비커피,2667,음료
좀비게임,9329,게임
좀비퍼레이드,4942,이벤트
좀탐,2337,게임
좀비댄스,1524,음악
좀비탐정본방사수,1370,TV 프로그램
좀비아이,1359,영화
좀만쉬자,1324,힐링
좀무섭,1302,공포
좀자라제발,1272,유머
좀더,30890,음식
엑소좀,84501,엔터테인먼트
좀비버스,2299,영화
좀비탈출챌린지,2035,게임
좀가라,1342,동기부여
좀더열심히,1338,동기부여
좀만더힘내자,10916,동기부여
좀쉬자,21620,휴식
좀만,14660,음식
좀자라,8726,식물
좀더크면,10810,사이즈
좀만참자,10057,인내력
좀만더,8717,브랜드 또는 제품
좀머씨이야기,2314,엔터테인먼트
좀자자,7175,개인 브랜드
좀있음,6272,개인 브랜드
좀춥다,4193,날씨
좀비물,4041,영화
좀있다,3345,시간
좀있으면,6360,약속
좀컸다고,3750,자기계발
좀비들,3308,영화/도서
좀더노력하자,1525,동기부여
좀비런부산,2453,여행/관광
좀도둑,2359,범죄
좀만버티자,2327,격려
좀웃어줄래,3254,유머
좁은방,1306,공간
좁은집꾸미기,1385,인테리어
좁은집,2819,주택
좁쌀,17097,식품
좁은길,8802,도로
좁은문,4973,가정용품
좁쌀베개,3963,생활용품
좁쌀트러블,3820,피부관리
좁은공간,2737,인테리어
좁살여드름,2256,피부 관리
좁은,3000,특성
좁쌀케어,2206,피부 관리
좁고,1743,특성
좁다,8176,공간
좁은골목,1231,도시
좁아,4385,상태
좁다좁아,3665,감정
좁은이마,2693,미용
좁쌀막걸리,1908,음료
종현,859833,연예인
종호,520614,인물
종로,1302749,지역
종이접기,240243,공예
종로예물,307411,문화
종로카페,268830,엔터테인먼트
종로3가,246928,지명
종달리,135669,운동
종합격투기,126270,스포츠
종이꽃,70194,예술
종,21202,"개인 행복, 미용"
종현아_덕분에_내평생이_따뜻해,20305,"친구, 감사"
종아리타투,37707,"타투, 패션"
종아리알빼기,18206,"운동, 건강"
종각,327580,장소
종이공예,36216,예술
종로구,126003,지역
종현아생일축하해,18235,축하
종로커플링,287318,연애/커플
종석,20336,인물
종로데이트,109042,데이트/여가
종인아사랑해,43358,사랑/애정
종인이,24505,인물
종천러,36433,여행
종아리,45735,운동
종섭,33143,연예인
종촌동,70733,지역
종로술집,63947,식당/음식점
종암동,50217,지역
종현아사랑해,11584,개인적인 메시지
종신보험,78113,금융
종교,64100,문화
종주,49283,스포츠
좆,1770,욕설 (주의
좆같네,1945,부정적 표현
좆밥,2524,부정적 표현
좆까,1793,부정적 표현
좆됐다,1471,부정적 표현
좆같은,1335,부적절한 언어
좆됨,1221,비속어
좇아요,1870,비속어
좋,657908,긍정적인 표현
좋아요반사,87008696,감정
좋튀,7123346,엔터테인먼트
좋은글귀,2250705,문학
좋은글,2705032,문학
좋아요반사테러,989495,사회현상
좋아요환영,2111301,소셜미디어
좋은말,302115,긍정적인 표현
좋아요늘리기,2144780,소셜미디어
좋튀잡,448134,일상
좋은글스타그램,74984,글쓰기
좋은아침,466925,인사
좋아요태러,362902,소셜미디어
좋아요반사댓글,267526,소셜미디어
좋은데이,560430,긍정적 감정
좋튀반사,132869,소셜미디어
좋은시,130310,긍정적 감정
좋튀환영,83129,환영
좋아요반사̆̈,36960,긍정적 감정
좋은날,873364,날씨
좌,5592,정치
좌대낚시,31672,낚시
좌식테이블,21104,가구
좌동,55343,지명
좌우명,17916,인용구
좌수영바게트버거,16458,음식
좌구산휴양림,8414,여행
좌동재래시장,7775,쇼핑
좌골신경통,4876,건강
좌타골프,1547,스포츠
좌타,5241,스포츠
좌대낚시터,2334,여가
좌수영갓초밥,11200,"음식, 다이닝"
좌사리도,2240,여행
좌타골퍼,1804,스포츠
좌동네일,51346,미용
좌천동가구거리,4537,쇼핑
좌구산,5941,여행
좌동꽃집,18334,꽃집
좌파탈출은지능순,1416,책
좌절금지,13414,격려
좌동술집,4644,음식
좌우대칭,3421,기하학
좌동pt,6612,운동
좌완투수,3657,야구
좌동필라테스,12289,운동
좌욕기,4524,욕실용품
좌표,4194,수학
좌우반전,3820,사고방식
좌속보,3379,정치
좌선,2445,정치
좌훈기,1905,사회
좐,1664,문화
좐디,2213,인물
좐스타그램,1262,소셜미디어
좔영,2111,엔터테인먼트
좔좔,7102,일상생활
좡좡씨,1676,인물
죄,21006,범죄
죄범규,10319,법률
죄많은소녀,6447,사회문제
죄송,50355,감정
죄책감,18238,감정
죄와벌,18198,법률
죄수복,8972,법률
죄민호,6633,인물
죄산,4232,음식
죄송해요,53812,사과
죄송해여,3582,사과
죄승현,3558,개인 이름
죄사함,3336,개인 이름
죄수복반티,1598,패션
죄종호,1040,개인 이름
죄수생,1846,범죄 및 법률
죄민환,3202,범죄 및 법률
죄짓고살지말자,1166,범죄 예방
죄다커플,2619,연애 및 결혼
죄송합니당,1775,"사과, 예의"
죄송하지만,2547,"사과, 예의"
죄송함돠,2136,"사과, 예의"
죄송하고감사합니다,1463,"사과, 예의"
죄송함,1448,감정
죄악,1720,도덕
죄송함다,2928,사과
죈장,1417,의상
죔죔,1451,먹거리
죙일,5658,일상생활
죠,8819,엔터테인먼트
죠르디,28221,인물
죠스떡볶이,73734,음식
죠리퐁,41435,캐릭터
죠스바,35645,음식
죠리퐁쉐이크,13834,음식
죠브레이커,11089,음악
죠지서울,10033,여행
죠스클라이밍,3147,스포츠
죠꽁드,2043,음식
죠스호핑,1569,쇼핑
죠이엘로,2288,패션
죠르디덕후,3029,엔터테인먼트
죠애나,3257,음악
죠이북스,2345,서점
죠리퐁당,2197,음식
죠짐크로스핏,2960,운동
죠이리,1075,엔터테인먼트
죠슈아트리,2691,음료
죠리퐁프라페,3492,디저트
죠스플라잇,1322,먹거리
죠니워커,2116,인물
죠크박,4545,요리
죠잔케이,1551,음악
죠스바젤리,2595,음료
죠르디다마고치,1314,게임
죠이선교회,1496,종교
죠앤쿠킹,1403,요리
죠리퐁막걸리,1322,음료
죠리퐁우유,1104,음료
죠애나석류즙,1024,음료
죤맛,15211,음식
죤맛탱,10636,음식
죤대,1285,음식
죨귀탱,1444,게임
죨귀,1828,게임
죵해,1385,뷰티
죵스타그램,1367,뷰티
주말,31425149,시간
주사,92545,의료
주말여행,1247272,여행
주부스타그램,4709097,일상
주부일상,1241545,라이프스타일
주말일상,3539815,라이프스타일
주말데이트,1850224,라이프스타일
주문제작케이크,1208004,푸드/음식
주문케이크,928754,음식
주식투자,739497,금융
주방용품,594506,가정용품
주식스타그램,421968,사진sns
주방스타그램,395631,음식
주지훈,160805,연예인
주택인테리어,243161,인테리어
주수사진,246547,"풍경, 사진"
주택,261113,생활
주말육아,555634,육아
주말운동,337073,운동
주말요리,92921,요리
주부소통,261489,소셜 미디어
주부모델,98731,라이프스타일
주말농장,205647,농업
주부생활,166225,가정
주부놀이,374931,취미
주말밥상,150353,음식
주먹밥,540888,음식
주부알바,196992,직업
주문제작,2301105,제품
소주안주,284013,음식
주말나들이,2664607,여가
주말스타그램,2597616,사진
주말부부,213856,라이프스타일
주문제작케이스,93545,패션
죽,158537,음식
죽전,300771,장소
죽도해변,148959,여행
죽녹원,219587,자연
죽음,153017,감정
죽도시장,147084,음식
죽동,143514,지명
죽겠다,89286,표현
죽도,84785,지명
죽전동,75030,지명
죽도시장맛집,65361,음식
죽고싶지만떡볶이는먹고싶어,28069,음식
죽도서핑,27911,여행
죽은시인의사회,15547,영화
죽음에관하여,7640,철학
죽변해안스카이레일,7610,여행
죽여주는이야기,16344,문학
죽도해수욕장,21400,여행
죽동카페,77056,식음료
죽변항,28513,여행
죽성드림성당,21186,문화
죽동마을,5656,지역
죽전역,51700,지하철역
죽림맛집,34832,음식점
죽기전에꼭가봐야할곳,6623,여행지
죽전미용실,22900,미용실
죽이야기,11623,문학
죽전신세계,23188,지역
죽전네거리맛집,12430,식당
죽은자의집청소,7286,생활
죽림,48645,지역
죽전꽃집,83523,쇼핑
죽전네거리,34221,지역
죽림카페,25110,식음료
죽끄다디지끄다,19843,한식음식
죽순,17945,식재료
죽으나사나강다니엘,15845,연예인
죽전이마트,7373,쇼핑
죽곡,22785,장소
준,789651,이름
준면,204691,이름
준호,578320,이름
준비,531108,미용
준오헤어,381176,미용
준규,297417,인물
준회,278715,인물
준수,167265,인물
준지,142565,인물
준케이,119808,인물
준서,107909,인물
준휘,92422,인물
준오아카데미,57400,교육
준호버블,13609,엔터테인먼트
준지아울렛,9866,패션
준비중,223171,이벤트
준형,81167,개인
준코,40121,엔터테인먼트
준혁,36651,개인
준공사진,35311,건축
준희,33189,인물
준한,28780,인물
준타스,13388,스포츠
준호2pm,10857,연예
준피티드,9188,음악
준피,6139,개인
준섭,5542,개인
준성호,4431,인물
준쥬얼리,4379,패션
준야와타나베,7365,디자이너
준오헤어노원사거리점,50722,미용실
준은물,6832,여행
준우,40765,이름
준우승,54589,스포츠
준면이_기다리는시간도_행복해,8288,인용구
준지여성,9488,패션
준성,7816,개인 브랜드
준오헤어강남2호점,6608,미용
준민,16363,인물
준오,24182,개인명
준기오빠,14923,연예인
준이,39887,개인명
준비운동,28048,운동
준홍,38510,인물
준짱,27636,인물
준호의계절,12383,엔터테인먼트
준면아_영원이란게있다면_우리얘기일거야,7084,엔터테인먼트
준수야_사랑해,60797,개인
준플레이오프,36892,스포츠
준큐,9129,엔터테인먼트
줄넘기,316590,스포츠
줄,27676,음식
줄로그,17572,여행
줄눈시공,73470,뷰티
줄서서먹는집,73326,음식
줄눈,57502,뷰티
줄기세포,55955,의학
줄질,53424,취미
줄기세포화장품,52533,뷰티
줄리엣로즈,26121,꽃
줄리앤줄리아,19553,영화
줄넘기다이어트,15432,운동
줄리안오피,15007,인물
줄리의정원,13701,미술
줄리쿠키,9460,먹거리
줄넘기학원,21873,운동
줄기세포배양액,19595,의학
줄넘기대회,17584,스포츠
줄리스발레,13080,무용
줄서봐_영,11017,영화
줄리아로버츠,10596,연예인
줄리엣부케,9090,꽃다발
줄리엔강,7546,여행
줄리스카,6914,음식
줄리아루피,6143,음악
줄리엣발코니,4018,문학
줄넘기국가대표,3830,스포츠
줄기세포앰플,13811,의학
줄라이,12409,엔터테인먼트
줄리엣장미,10368,꽃
줄리엣로즈부케,8911,꽃다발
줄눈시공업체,12020,건설업체
줄임말,5196,언어
줄리하프,4723,음악
줄리아,9985,인물
줄즈,26276,브랜드
줄리스영어발레,9054,예술
줄리안무어,5329,인물
줄눈시공전문업체,8601,비즈니스
줄리,27718,인물
줄서서먹는맛집,19889,음식 및 식사
줄타기,10899,운동
줄무늬,44036,디자인
줄서서,27452,대기
줄서는집,13150,음식점
줄눈업체,10099,스포츠용품
줄즈에어플러스,9191,건강
줄기세포배양액화장품,8883,뷰티
줄맨드라미,3458,문화/엔터테인먼트
줌마그램,5878934,운동
줌,65767,운동
줌바,254053,운동
줌스타그램,2641838,운동
줌마스타그램,2481162,소셜미디어
줌바댄스,116931,운동
줌마패션,50131,패션
줌바강사,49976,운동
줌바웨어,14686,의류
줌바파티,11995,이벤트
줌바댄스복,10418,의류
줌머,7882,운동
줌플라이,6367,운동
줌바코리아,6097,댄스
줌머50,1474,피트니스
줌마스타일,25533,패션
줌마템,8225,피트니스
줌강의,17295,교육
줌바피트니스코리아,5046,피트니스
줌요가,11820,피트니스
줌줌투어,4481,여행
줌플라이3,7048,플라이피쉬
줌바사랑,8107,운동
줌마다이어트,13353,다이어트
줌마들,18342,부모
줌바키즈,3593,키즈 운동
줌마댄스,2988,댄스
줌마켓,3440,쇼핑
줌파라히리,3765,춤
줌바수업,6206,운동
줌바공연,3602,예술
줌마스타,14237,운동
줌마그램스타,7554,엔터테인먼트
줌마다이어터,6119,엔터테인먼트
줌마그램일상,5954,라이프스타일
줌바디,3517,피트니스
줌바스튜디오,2570,운동
줌인나우,2259,소셜미디어
줍깅,61358,운동
줍줍,40780,친환경
줍냥,3675,동물
줍줍이,3065,활동
줍깅챌린지,2839,운동
줍킹,2820,취미
줍줍수묵,1857,환경보호
줍킹챌린지,1176,환경보호
줍깅캠페인,1156,환경보호
줍냥이,1829,동물복지
줍다,1439,활동
줍기,3148,활동
줍깅데이,1074,운동
줏대있게_창빈이_생일축하해,1332,축하
중학생,1029962,교육
중딩,596537,연령
중3,1024440,학년
중국,1769371,국가
중동,459262,지역
중2,579105,교육
중구,459762,지역
중국어공부,207507,언어학습
중국어,446630,언어
중소기업,80761,비즈니스
중단발,392277,미용
중1,330363,교육
중3공스타그램,254065,SNS
중형견,925051,애완동물
중학교,277012,교육
중단발레이어드컷,233447,헤어스타일
중구맛집,136029,식음료
중2공스타그램,155966,사회 및 문화
중년,120372,인간
중문맛집,1230775,식음료
중단발펌,222491,미용
중등임용,175911,교육
중고,173224,상품
중간머리,155265,미용
중등영어,134070,교육
중앙경찰학교,92641,"교육, 경찰"
중식,552229,음식
중간피드,89313,소셜미디어
중화산동,137525,지역
중고명품,179479,쇼핑
중경,62111,여행
중문인테리어,81398,인테리어
중딩스타그램,131422,소셜미디어
중3공스타,157098,학교생활
중등부,131149,교육
여행중,1522021,여행
중문,480165,언어
중독,435758,건강
중간머리펌,140240,미용
중국어회화,120061,언어
중국여행,272061,여행
중고차판매,209487,자동차
중간고사,393443,교육
중등,82960,교육
중앙동,693680,지역
중랑구맛집,130371,음식
중화요리,230850,음식
중랑구,210988,지역
줗아요,19959,SNS
줗아요반사,3214,트렌드
줗아,1501,SNS
줘,8574,요청
줘서,2417,요청
줘라,2416,명령
줘야지,2317,권유
줘니,1876,질문
줘니그램,1688,음악
줘요,1682,요청
줘도,1497,허용
줘라줘,1315,음악
줘버려,1052,음식
줜맛탱,1536,음식
줜플웨딩,1199,이벤트
줭食,2107,음식
줴홉온더스트릿,3083,음악
줴이퐈핡,2635,패션
줴훈줴훈,1006,뷰티
줸장,4105,패션
쥐띠아기,3058072,동물
쥐,75511,동물
쥐띠딸,149812,음식
쥐포,91874,음식
쥐포튀김,30144,음식
쥐띠즈,6839,패션
쥐젖제거,5088,홈케어
쥐스따꼬르,3052,음식
쥐민쒸,2375,육아
쥐꼬리명당,1838,음식
쥐띠딸맘,45931,육아
쥐띠아기맘,21857,육아
쥐바겐,2149,자동차
쥐띠아기소통,15260,육아
쥐띠아빠,12006,가족
쥐스타그램,37822,동물
쥐똥나무,3877,식물
쥐눈이콩,5729,식물
쥐띠해,15296,패션
쥐돌이,30940,동물
쥐뛰맘,7179,음식
쥐젖,5102,동물
쥐포볶음,4549,음식
쥐덫,3115,동물
쥐라와인,2747,음료
쥐됴리,1927,동물
쥐타투,1683,문신
쥑이네,23180,가게
쥑인다,5312,음식
쥑임,1282,음식
쥔장,8204,조리
쥔장추천,6136,조리
쥔장방탄소년단팬,1893,음악
쥔장애정템,1290,엔터테인먼트
쥘베른,2244,예술
쥬얼리,1131851,패션
쥬디스태화,193419,예술
쥬빌리브라이드,25417,이벤트
쥬,9668,엔터테인먼트
쥬얼리그램,83118,패션
쥬얼리샵,79487,패션
쥬씨,73478,닉네임
쥬시,42690,닉네임
쥬리,31402,이름
쥬쥬봉,29090,스낵
쥬세페자노티,21893,음식
쥬다르,19618,음식
쥬비스다이어트,19342,건강식품
쥬트아뜰리에,11876,패션
쥬다르매트,9475,뷰티
쥬시래스팅틴트,6299,뷰티
쥬스,163575,"음식, 건강"
쥬라기월드,81647,영화
쥬라리움,35427,박물관
쥬비스,24410,브랜드
쥬니어의류,20144,패션
쥬시쥬디,14251,패션
쥬베라,12828,음식
쥬라기월드특별전,12049,문화
쥬얼리도매,9322,쇼핑
쥬에,8909,패션
쥬베라공구,8045,쇼핑
쥬안,3194,패션
쥬얼리박스,10814,패션
쥬베라진동클렌저,5740,뷰티
쥬드주얼리,7662,패션
쥬디앤폴,4293,패션
쥬트,10336,패션
쥬디스태화신관,27887,예술
쥬땡라운지,6406,엔터테인먼트
쥬베룩,15592,패션
쥬네스,10837,문화
쥬시쥬얼리,3526,패션
쥬니어모델,17064,엔터테인먼트
쥬토피아,6273,여행
쥬얼리쇼핑몰,107521,쇼핑
쥬얼케이크,4957,음식
쥬시마츠,8014,여행
쥬크,6179,음악
쥬얼리스타그램,23599,패션
쥬얼리촬영,16375,패션
쥬드,7599,예술
쥬드프라이데이,4748,문화
쥬욘다이,3810,뷰티
쥬얼리세트,5595,패션
쥰,4839,패션
쥰키,1744,패션
쥰쮸,4081,패션
쥰스타그램,2050,소셜 미디어
쥰마이다이긴죠,1748,패션
쥰스시,1351,음식
쥰쥬니마켓,1225,이벤트
쥰지,1048,패션
쥰페이,1007,금융
쥰맘의일상,1351,육아
쥰맛,1768,음식
쥰세이,1377,일본어
쥰주댕댕,1214,애완동물
쥰마이750,1155,자동차
쥰마이긴죠,1141,일본어
쥰브로,1019,뷰티
쥴,9312,패션
쥴리,27024,뷰티
쥴리씨마켓,4395,쇼핑
쥴리앙헤어,1779,뷰티
쥴리엣로즈,1701,꽃다발
쥴린,1493,패션
쥴리쌤,1405,교육
쥴리상점,1308,패션
쥴팟,1272,음악
쥴리어스,1208,유행
쥴리네일,5401,미용
쥴리크,1027,의류 브랜드
쥴리리봉,1056,의류 브랜드
쥴리라벨,1288,의류 브랜드
쥴리스발레,1245,의류 브랜드
쥴스,1189,인물
쥴리엣장미,1089,꽃
쥴어멈,1442,가족
쥴아범,1437,가족
쥼,1680,캐릭터
쥼마그램,4408,소셜미디어
쥽쥽,1891,표현
즈위프트,48980,게임
즈,1749,여행/관광
즈위프트라이딩,3968,스포츠/레저
즈엉동야시장,3325,문화/이벤트
즈나냐요가원,2666,휘트니스/요가
즈즈프렌즈,2256,엔터테인먼트
즈톤,2044,음악
즈므로스터리,2030,문학
즈시,1784,여행
즈하,1745,음식
즈트레이키즈,1360,육아
즈질체력,9885,운동
즈미크론,2059,미술
즈니네일,1991,뷰티
즈나냐요가,1353,요가
즈고크,1215,패션
즈마장,1197,여행
즈기요,1019,음식
즈앙유으은,2850,패션
즈말,2285,동물
즈언서얼,2163,미디어
즈위프트러닝,2088,운동
즈위프트라이딩하는남자,2027,스포츠
즈위프트러닝하는남자,2000,스포츠
즉석떡볶이,314435,음식
즉흥여행,220844,여행
즉문즉설,16505,문화
즉석떡볶이맛집,28016,음식
즉떡,49805,음식
즉석사진,28101,사진
즉흥연주,19013,음악
즉석,16697,빠른결정
즉석요리,14162,요리
즉석라면,12424,음식
즉석식품,11243,소비재
즉석밥,9274,음식
즉석우동,7586,음식
즉시할인,6284,판매
즉흥춤,3708,예술
즉,2194,시간
즉시출고,37320,물류
즉흥적,18711,예기치 못한 활동
즉시개통,9584,통신 또는 인터넷 서비스와 관련된 주제
즉석반찬,8481,음식 또는 조리와 관련된 주제
즉시입주,4862,부동산 또는 주택과 관련된 주제
즉흥극,3875,예술
즉흥환상곡,3008,음악
즉석판매제조가공업,2548,비즈니스
즉석조리식품,3633,식품
즉흥적으로,7272,예측불가능한
즉각적인효과,20678,응급처치
즉석떡복이,1630,음식
즉시맞팔,1260,소셜미디어
즉시교육,1185,교육
즉석사진기,1969,사진
즉석김,1417,식품
즉각효과,5190,효과
즉석국,4239,음식
즉흥만남,3776,만남
즉시대출,3498,금융
즉흥음악,1332,음악
즉시,4423,시간
즉시입주가능,3946,부동산
즉석카레,2443,음식
즉석김밥,2258,음식
즉석조리,2154,조리법
즌증국,6433,음식
즌이,1773,조미료
즌즌,1098,음식
즐,36763,감정
즐겁다,471583,감정
즐거워,616555,감정
즐겁게,387212,감정
즐기자,312259,여가
즐겁다그램,186850,행복
즐기기,153759,여가
즐주,114013,여가
즐겁게살자,85296,삶의태도
즐거운라운딩,23538,스포츠
즐겁게일하고부럽게성공하라,18838,목표달성
즐설,17098,미분류
즐거운목욕시간,15760,레저
즐겨찾기,28989,인터넷
즐거운시간,667761,여가
즐주말,49130,여가
즐거워요,61292,즐거움
즐저,21148,즐거움
즐기자그램,15209,즐거움
즐겨라,52062,즐거움
즐거운하루,322692,일상
즐거운연휴,20337,여행
즐겁고,85089,감정
즐거운미술,8891,예술
즐거운토요일,79807,휴식과 즐거움
즐거움가득,15968,즐거움과 행복
즐겁게살자고민하지말고,11901,긍정적인 마인드셋
즐거운주말되세요,11695,주말의 기쁨
즐기는,40307,취미
즐거운추억,37761,추억
즐점,35960,음식
즐겨요,28384,즐거움
즐테,17287,축제
즐거운한가위되세요,14439,축제
즐겨,65824,취미
즘마그램,3610,소셜 미디어
즘마,1184,스포츠
즘심,2438,건강
즘마스타그램,2143,사진
즙,20552,음료
즙스타그램,12451,음료
즙이많은,2471,건강
즙추천,2837,식품
즙이,2723,식품
즙쟁이,1807,식물
증명사진,943492,문서
증산,248172,지리
증정이벤트,122756,이벤트
증평,285194,지역
증사,104189,종교
증명사진잘찍는곳,98442,사진촬영
증명사진메이크업,85512,"사진촬영, 메이크업"
증평맘,78859,"지역, 육아"
증류주,53689,"주류, 음료"
증강현실,42304,"기술, 가상현실"
증권분석,41089,"금융, 투자"
증평자전거공원,10924,여가
증산신도시,57298,도시계획
증명사진촬영,16751,문서
증도,34881,지명
증평가볼만한곳,16070,여행지
증평군,13277,지역
증모,26882,뷰티
증산네일,119565,뷰티
증여세,15914,세금
증평벨포레,10528,여행
증류식소주,12106,주류
증정품,17729,선물
증명사진관,14690,사진 촬영
증산술집,7765,술집
증산옷가게,26474,의류
증미역,17267,지하철 역
증산역,46776,교통
증산동,25440,지역
증산미용실,18806,미용
증평꽃집,15799,꽃집
증심사,14389,법률
증평마카롱,13572,음식
증명사진맛집,16723,여행
즣아요,14346,사랑/인스타그램
즣아요반사,3720,소셜미디어
즣아,1740,소셜미디어
지민,6901319,연예인
지수,2206440,연예인
지민이,407418,연예인
지드래곤,872540,음악가
지창욱,1632972,배우
지국,333738,인물
지젤,361754,모델
지오디,315204,음악
지민아,108110,개인
지효,932896,연예인
지방시,639052,여행
지유,264033,음식
지글지글,201233,트렌드
지인,140560,인간관계
지한,73942,자연
지구의날,86601,환경보호
지성,806307,미학
지훈,680782,인물
지인선물,178142,선물
지호,176405,개인명
지구,174088,지리
지리산,572961,"지리, 산림"
지난,130029,시간
지방,98071,지역
지오,87531,과학
지산리조트,118441,여행
지코,353676,음악가
지디,374505,음악가
지난사진,265059,사진
지브리,194465,애니메이션
지연,182551,이름
지금,721569,시간
지용,467844,이름
지석진,139386,연예인
지난주말,379431,여가
지진,111436,자연재해
지중해,132098,지리
지금보고싶다,60624,감정
지갑,705151,패션
지하철,554304,교통
지산동네일,81485,미용
지원,297489,사회복지
지우,285105,인물
지비츠,174032,엔터테인먼트
지산동,168326,지명
여행지추천,1106054,여행
지니,303774,음악
지그재그,237254,운동
지방선거,125120,정치
지금만나러갑니다,117007,여행
지현우,92327,연예인
지금이순간,210027,일상
직장인스타그램,2635043,직장생활
직장인,9561417,직장생활
직장인다이어터,434057,건강
직딩,2134552,일상
직장인룩,800104,패션
직장인취미,749709,취미
직장인다이어트,667385,건강
직장인도시락,487884,식품
직장,483912,직장생활
직딩스타그램,477488,직장인
직장스타그램,215776,직장인
직캠,180136,엔터테인먼트
직딩룩,176472,패션
직장인그램,434574,직장 문화
직구,285721,해외 쇼핑
직관,473896,직업 관련
직장인코디,409587,직장인 패션
직장인투잡,402981,직업
직원식당,78361,음식
직조,47369,수공예
직업상담사,14431,직업
직딩일상,88034,일상
직딩그램,110878,직장인
직장인의삶,75986,직장인
직구템,31098,쇼핑
직장인취미미술,150093,취미
직장인출근룩,26468,패션
직장툰,33048,엔터테인먼트
직장인다이어트식단,17043,건강생활
직구대행,12544,쇼핑
직찍,172557,사진
직장녀,36314,취업
직장맘스타그램,44612,직장생활
직방,25141,부동산
직소퍼즐,32759,게임
직각어깨,15695,운동
직거래,70662,거래
직장인취미생활,110978,취미생활
직장인미술,61883,미술
직장인들,45977,사람들
직원구함,40620,구인
직장인바디프로필,22118,"직장인, 바디프로필"
직지사,44604,"직지사, 직업"
직딩녀,30829,"직딩, 여성"
진,3726621,"진, 이름"
진진,748553,인물
진돗개,1252271,동물
진주,2324597,지명
진해,1729469,지명
진주맛집,959584,음식
현진,1090060,개인
진도믹스,713282,동물
진주카페,586388,"음식, 카페"
진주귀걸이,338208,패션
진환,276999,인물
진이한,100809,인물
진기주,39972,인물
진주네일,518129,미용
진로,488437,진로
진세연,59108,연예인
진우,164445,인물
진주핫플,249550,여행
진천,329862,지역
진짜,956642,표현
진주목걸이,282494,패션
진돗개스타그램,221027,반려동물
진로이즈백,242313,술
진도쏠비치,106130,여행
진또배기,178679,음식
진선규,60098,인물
진주맘,225117,지역
진구,173225,지역
진도,418078,지역
진솔,150052,이름
진승무역,48880,비즈니스
진에어,119575,여행
진기,84107,기술
진달래,162801,식물
진해성,79995,인물
진희,60270,인물
진해군항제,133780,축제
진도개,105382,반려동물
수진,318852,인물
진접,133231,지명
진주혁신도시,126717,도시개발
진도여행,70303,여행
짇라곤,2263,음식
질샌더,62624,패션
질스튜어트,49178,인물
질,5233,의학
질병관리본부,19306,보건
질문,93954,소통
질투,55586,감정
질스튜어트스포츠,25151,스포츠
질마재농장,22753,농업
질감표현,22561,미술
질병관리청,21350,정부기관
질렀어,19344,소셜미디어
질스튜어트뉴욕,16818,패션
질감네일,16210,뷰티
질스튜어트가방,9160,패션
질감처리,7178,패션
질주,53296,스포츠
질감,33529,미술
질염,26542,의학
질레트,13515,제품/브랜드
질경이,11000,엔터테인먼트
질바이질스튜어트,10432,인물/유명인
질풍가도,10202,애니메이션
질리히베이로,4405,음악
질롱코리아,2877,뷰티
질스튜어트지갑,2860,패션
질사,4339,종교
질병,31772,의학
질문이답이되는순간,2723,인생
질러,13753,스포츠
질할브로스,4319,게임 캐릭터
질샌더탱글백,1604,음악
질투의화신,82176,드라마 또는 영화
질서너머,3597,철학적 개념
질샌더가방,3390,패션
질리나,2413,패션
질염치료,3464,건강
질마재농장유기농과자,2876,"식품, 유기농산물"
질감타투,9150,미술
질감컷,4779,미술
질병청,2802,의학
질투쟁이,44784,심리학
질세정제,7611,여성 건강
질의응답,6318,소셜 미디어
질건조증,5959,건강
질레트랩스,3290,제품 브랜드
질감커트,2420,패션
질문서점,1856,서적
짐패션,46686,패션
짐웨어,478389,패션
짐보리,81546,운동용품
짐,74156,운동
짐볼,40063,운동용품
짐머만,31860,운동복
짐벌,29807,운동기구
짐머만원피스,24520,패션
짐볼운동,17318,운동
짐키친,15262,휘트니스
짐머만수영복,8834,수영복
짐블랑,7312,의류
짐맥클린골프스쿨,6672,스포츠
짐볼필라테스,4215,운동용품
짐웨어추천,47342,운동복
짐바란,30607,운동기구
짐빔하이볼,29410,운동기구
짐빔,22647,운동
짐박스,15103,이사/이사용품
짐살라빔,13123,다이어트/운동
짐캐리,12772,영화/배우
짐니,11395,개그/코미디
짐카나,6469,유명인
짐티피,6340,유명인
짐종국,4655,유명인
짐머만비키니,4624,패션
짐로저스,3101,스포츠
짐맥클린골프아카데미,2905,스포츠
짐스틱,2365,스포츠
짐머만모노키니,2216,"패션, 수영복"
짐싸기,30259,여행
짐네스틱,12750,운동
짐짐펀,9590,놀이
짐보리수업,7843,교육
짐다운짐,4642,운동
짐인더하우스,4052,레스토랑 또는 카페
짐샤크,2644,스포츠
짐벌촬영,3616,영화제작
짐클럽,2042,운동
짐짐,11480,운동
짐스키즈스포츠,4188,스포츠
짐바브웨,7524,국가
짐짐펀플레이대디,3750,운동
짐내스틱,16773,운동
짐보관,11670,운동
짐바란씨푸드,8016,음식
짐웨어브랜드,7096,패션
짐싸,5780,운동
짐느,4742,뷰티
짐민,4570,라이프스타일
짐니생일ㅊㅋ,3355,축하
짐슈,1536,패션
짐색,3618,여행
집,2790579,라이프스타일
집밥,12296709,음식
집사,5792381,반려동물
집꾸미기,5499565,인테리어
집밥스타그램,3651389,음식sns
집스타그램,5825985,라이프스타일
집밥레시피,388635,음식
집사그램,3086892,반려동물
집사소통,839466,소셜네트워크
집에서,797346,생활
집사의하루,685391,반려동물
집인테리어,332348,인테리어
집사일상,662107,반려동물
집공,135887,가정
집사스타그램,2885761,사진
집사맞팔,1566749,소통
집사일기,522883,일상
집밥그램,443991,요리
집중,392157,마음
집들이음식,309496,요리
집꾸미기그램,189421,인테리어
집사부일체,174123,가정/가족
집들이,1235111,인테리어/장식
집반찬,184857,조리/음식
집콕,2152574,레저/여가
집순이,1691744,라이프스타일
집게핀,251397,패션
집사의길,102172,반려동물
집콕육아,506923,육아
집짓기,95361,건축
집밥요리,155610,요리
집에,178960,생활
서포터즈모집,257320,모집
집꾸미기소품,121335,인테리어
집김밥,212235,음식
집에서놀기,283879,레저
집사맞팔환영,229531,소셜네트워킹
집돌이,307612,라이프스타일
집술,210380,라이프스타일
집콕중,200999,라이프스타일
집순이그램,168354,라이프스타일
집안일,166919,생활
짓,2151,공예
짓다부엌,2763,요리
짓다,4211,창작
짓기,1569,창작
징크스,22911,불운
징,7981,음악
징크스의연인,14159,드라마
징징이,99057,동물
징기스,74713,음식
징기스칸,39448,역사
징짱,27675,만화
징크,13168,음료
징위,11231,음악
징버거,6783,음식
징크판넬,3616,건축
징검다리연구소,3191,여행
징기레이블,2724,패션
징보란,2443,역사
징크스manhwa,1327,만화
징글벨,26656,음식
징거버거,11782,음식
징고,6822,음식
징호석,4122,인물
징국,3482,음식
징크디펜스,2454,기술
징크시공,1947,역사
징기스칸양고기,8027,음식
징휘인,2030,문화
징위주,2750,여행
징크공사,1577,건설
징거미새우,1748,해산물
징글징글,68989,물놀이
징가,4443,음악
징비록,3508,역사
징계,2965,법률
징징징,27820,소리
징거더블다운맥스,2161,게임
징징,35609,음악
징기스칸램,1778,여행
징징마켓,1180,쇼핑
징글벨락,2556,음악
징조,1805,"신호음, 소리"
징구,1625,음악
징징몰,1512,노래
징어야징어야,1443,노래
징크강판,1226,기계
징거,1031,운동
짖음,10555,동물
짖짖,4295,동물
짖음교육,5653,반려동물 훈련
짖지마,6604,반려동물 훈련
짖어,3177,반려동물 훈련
짖는강아지,1716,반려동물 행동
짖기왕뚱키,1437,반려동물
짖음주의,1429,반려동물
짖는개,1319,반려동물
짖는강아지훈련,1151,반려동물
짖기,1347,동물행동
짖고,1184,동물행동
짖지마라,1080,동물행동
짖는다,1055,동물행동
짙은,46831,색상
짙은카페,2349,음료
짙은안개,2150,자연
짙어져,2012,감정
짙은눈썹,1862,미용
짙푸른,1842,색상
짙은커피,1220,음료
짙은여름,1338,계절
짚,7564,자연 소재
짚라인,148560,공예
짚불구이,9815,음식
짚와이어,16052,공예
짚트랙,9635,스포츠
짚불삼겹살,4261,음식
짚합,3368,공예
짚풀공예,2483,공예
짚라인용인,2333,여행지
짚라인문경,2322,여행지
짚라인가평,1287,여행지
짚불도,1142,여행지
짚라인타기,4434,스포츠
짚통령,1689,인물
짚라인코리아,1354,여행
짚불곰장어,3167,음식
짚동가리쌩주,2668,전통공예
짚라인체험,2569,체험프로그램
짚시,1532,패션
짚신샌들,1061,신발
짚라인놀이터,1085,놀이터
짚불태백,1890,요리
짚스타그램,1661,사진
짚불꼼장어,1623,음식
짚코스터,2258,놀이공원
짚신매운갈비찜갈매점,2173,음식
짚신갈매점,2153,음식
짚쌩,1211,패션
짚시풍,6623,전통문화
짚차,1116,교통수단
짜파게티,279680,음식
짜증대마녀,10788,캐릭터
짜파구리,63242,음식
짜증,270955,감정
짜장,195937,음식
짜증나,144464,감정
짜장떡볶이,113310,음식
짜장밥,107233,음식
짜조,82100,음식
짜넬라공구,65981,브랜드
짜뚜짝시장,52444,시장
짜,17546,음식
짜근패밀리,4103,가족
짜맞춤가구,21100,가구
짜짜토이,2796,장난감
짜계치,17118,음식
짜왕,32949,음식
짜글이찌개,8986,음식
짜빠구리,13160,음식
짜먹는아넬라공구,7689,패션
짜오프라야강,17732,여행
짜증난다,23832,일상생활
짜뚜짝,8463,음식
짜먹는아넬라,10292,음식
짜세,10250,감정
짜증날때,4076,감정
짜루점빵,3100,음식
짜요짜요,21722,먹방
짜장소스,9140,조리
짜장스타그램,8108,사진 공유
짜루,7014,음식
짜장볶음밥,4236,음식
짜파치킨,3039,음식
짜잔형,2759,사람
짜사이,5102,음식
짝사랑,266976,사랑
짝,24361,관계
짝사랑글귀,73723,인용구
짝꿍,155384,패션
짝눈,55884,뷰티
짝퉁,45537,패션
짝짝꿍짝,13274,문화
짝귀,10913,연애
짝남,6053,연애
짝대기볼러,5649,연애
짝사랑그램,4747,연애
짝사랑포기글귀,3528,"사랑, 글귀"
짝태시대,3060,"연애, 시대"
짝사랑글귀그램,2341,"사랑, 글귀, SNS"
짝태,15607,연애
짝대기,7564,의류
짝태패밀리,4714,가족
짝꿍제과,2188,음식
짝퉁시장,2019,쇼핑
짝사랑포기,1219,연애
짝궁,25975,연애
짝지,12089,연애
짝태앤노가리,4763,연애
짝도매,1868,도매
짝짓기,4564,공예
짝짝꿍,32304,게임
짝짝쿵짝,2700,놀이
짝짝포차,1076,음식
짝짜꿍,20788,뷰티
짝뚜짝시장,2137,쇼핑
짝사랑스타그램,1356,"사랑, 인스타그램"
짝궁제과,1137,음식
짝짝,13715,게임
짝맞추기,1756,게임
짝궁이랑,5050,연애
짝짝이눈,3957,패션
짝꿍이랑,33680,관계
짝짝이양말,4935,패션
짝퉁주의,3673,소비재료
짝패,2945,게임
짝태와노가리,2115,음식
짠,166975,음식
짠내투어,65610,여행
짠테크,73658,기술
짠물,3994,음식
짠내폭발,3425,음식
짠내투어맛집,2422,여행
짠페스티벌,1671,문화 이벤트
짠내아이돌,1283,음악
짠테크전성시대,1114,기술
짠하다,18062,감정
짠시루,2319,음식
짠하고싶은날에,1981,휴식
짠한첫째,5739,음식
짠시,9697,음식
짠맛,8503,맛
짠함,8035,맛
짠하고,6030,맛
짠음식,1123,음식
짠내여행,8123,여행
짠하네,6730,음식
짠한내새끼,6658,일상
짠스타그램,6060,사진
짠지무침,1565,음식
짠내나는,1389,음식
짤,807869,인터넷 문화
짤방,905759,인터넷 문화
짤스타그램,228460,사진 및 동영상
짤모음,124351,미디어 및 콘텐츠
짤툰,25717,만화
짤줍,31241,사진
재밌는짤,122060,유머
짤랑이,27405,동영상
짤랑단,9057,음식
동물짤,35710,동물
짤츠부르크,21053,여행
짤랑짤랑,4056,소리
짤몽슬라임,4036,장난감
짤짤이,3904,소리
짤랑슬라임,1363,장난감
예능짤,127212,엔터테인먼트
강아지짤,36080,동물
직장인짤,19206,직장생활
짤츠캄머굿,9140,코미디
짤순이,4756,영상 컨텐츠
짤공유,4378,소셜미디어
짤저장소,2642,온라인 서비스
오늘의짤,66429,소셜미디어
무한도전짤,2560,예능프로그램
힐링짤,58187,힐링
공부자극짤,4767,공부
야짤,3577,엔터테인먼트
개그짤,30984,엔터테인먼트
짤부자,2363,소셜미디어
짤쯔부르크,2772,여행
짤방북스,3264,문화
짤순이공구,1608,온라인 쇼핑
은꼴짤,1398,어른을 위한 콘텐츠
짤즈부르크,2271,여행
짤영상,3235,엔터테인먼트
짤케이크,2565,음식
루피짤,3420,애니메이션
짤방모음,4461,엔터테인먼트
짤랑,2669,소리
감성짤,10882,엔터테인먼트
짤맛집,2161,음식
짤러,1697,소셜미디어
짤한국인,1279,문화
짤털,1557,음식
짬뽕,1146864,음식
짬,14121,음식
짬뽕지존,42426,레스토랑
짬뽕순두부,70313,음식
짬뽕밥,68093,음식
짬낚,53348,먹방
짬뽕스타그램,24271,"음식, 소셜미디어"
짬뽕타임,14152,음식
짬낚시,12811,레저
짬뽕상회,9274,음식
짬뽕집,8321,음식
짬뽕파스타,8220,음식
짬뽕에취한날,4943,요리
짬뽕만들기,3315,조리법
짬타이거,12306,음식
짬뽕전문점,9124,식당
짬밥,8541,음식
짬뽕관,5330,장소
짬뽕투어,4906,여행
짬뽕만두,3797,음식
짬뽕빵,3314,음식
짬뽕전골,2748,음식
짬뽕건면,1634,음식
짬뽕지존오산점,1798,레스토랑
짬봉,6024,음식
짬뽕매니아,3120,음식
짬뽕신,2857,음식
짬뽕타임24시,2405,식사
짬홍,3013,음식
짬에서나오는바이브,4469,음식
짬뽕한그릇,3669,음식
짬뽕생각,1476,음식
짬뽕물회,8463,음식
짬뽕의신,1675,음식
짬뽕맛있는집,1634,음식
짬뽕비빔밥,1715,음식
짬뽕마스터,1468,요리
짬뽕군만두,1300,음식
짬뽕의신화,1102,음식
짭,9828,프로젝트
짭짭project,4040,프로젝트
짭짭프,5417,프로젝트
짭프로,7098,프로젝트
짭쪼롬한,3090,음식
짭짤,16860,음식
짭쪼름,14168,음식
짭쪼롬,11628,음식
짭짭,10544,음식
짭짤이,10433,음식
짭쪼롬한오후,1574,여가
짭조름,5537,음식
짭새,1252,동물
짭짜리,2666,식품
짭짤한,2391,음식
짭조롬,1370,특성
짭잘,2863,음식
짭숑,2516,패션
짭다,2441,여행
짭돗개,1493,반려동물
짭퉁,2121,음식
짭짤한맛,2019,음식
짭잘이,1637,음식
짭쪼름한,1146,음식
짭짭짭,1091,음식
짱,922674,칭찬
짱구,576594,만화
짱구대디,8716,만화
크나큰짱짱,4711,식품
짱맛,997523,음식
짱아,131494,가족
짱짱짱,26410,칭찬
짱구인스,17093,만화 캐릭터
짱유,5470,유머
짱구짤,20408,"만화 캐릭터, 유머"
날씨짱짱,20753,"날씨, 기상"
짱귀,179766,패션
짱네일,36322,미용
짱구케이크,21800,음식
짱구굿즈,16781,문화/예술
짱구네일,9838,미술
짱구구루메,4100,만화
짱구페스티벌,25369,이벤트
짱구덕후,25404,팬덤
짱구네유채꽃밭,18393,가정/가족
짱구피규어,12669,취미/수집
짱이네,8721,가정/가족
짱짱맨,105285,엔터테인먼트
짱짱,228610,긍정적인 표현
짱아저씨,8349,칭찬
짱이쁨,24459,칭찬
짱잼,119249,긍정적인 표현
짱구스타그램,12654,소셜미디어
짱구베개,50707,생활용품
짱구카페,9627,음식점
짱구네,14585,가정생활
짱구분식,8653,음식
짱구리,7420,만화 캐릭터
짱기,7153,스포츠
짱구야캠핑가자,9816,"여행, 캠핑"
짱구케이스,7960,스마트폰 액세서리
짱짱걸,17694,패션
짱멋짐,13392,스타일
짱개,8731,애완동물
짱친,57012,사회
짱맛있음,39643,음식
짱구눈썹,21277,뷰티
짱나,11952,감정
짲응,2691,동물
째깍악어,6593,동물
째,3090,자연
째깍섬,7595,여행
째즈,32076,음악
째즈바,7534,음악
째즈댄스,5234,춤
째리스,5191,종교
째미핑거,4539,미술
째보선창,3129,여행
째깍섬키즈클래스,2152,교육
째즈스토리,2096,음악
째즈와산조,1928,음악
째클,1840,음악
째째홈,1622,라이프스타일
째째,7286,라이프스타일
째깐이,6421,음식
째과점,1757,음식
째리스뷰티,1292,뷰티
째니타임즈,1251,뉴스
째찌,1118,음악
째즈공연,3275,공연
째려보기,25511,여행
째즈음악,1445,음악
째즈핑크,1339,음악
째욘,1338,예술
째즈피아노,1070,음악
째깍째깍,7156,소리
째복,3155,동물
째구리,1520,동물
째즈하우스,1497,음악
째끼리,2169,동물
째하그램,1319,사진
째려보지마,8593,경고
째복순두부,7564,음식
째려봄,6563,계절
째즈페스티벌,1761,음악
째홉,1436,"음악, 댄스"
째이니,1162,"패션, 음악"
짹,5858,"음악, 댄스"
짹스타그램,52819,소셜 미디어
짹짹이명언,7687,소셜 미디어
짹짹커피,12924,음료
짹짹이송,8964,소셜 미디어
짹짹,31766,동물
짹부심,20144,감정
짹짹짹,5639,소리
짹짹이명언_효은캘리,1543,인물
짹윙,1346,동물
짹짹이월드514챌린지,1251,"동물, 챌린지"
짹팟,1157,엔터테인먼트
짹슨,4378,인물
짹디,1421,동물
짹짹이들,6330,동물
짹짹이기록,2964,동물
짹짹꼴51413번지,2785,동물
짹짹윤호닮아,2709,연예인
짹짹이부적,2304,동물
짹짹월드,1447,소셜미디어
짹짹루틴,1972,라이프스타일
짹슨이,1953,동물
짹짹이기록_,1896,"동물, 기록"
짹짹꼴514_13번지,1509,"주소, 위치"
짹짹이인증,1732,"동물, 인증"
짹월드,1819,엔터테인먼트
짹짹이사랑,1098,애완동물
짼,19110,먹거리
짼뭉이,8761,음식
짼구,1979,사진
짼스타그램,4591,사진
짼보싶,3416,사진
짼두,1726,사진
짼부심,1216,음식
쨈,37400,음식
쨈스커피,4292,"음식, 음료"
쨈만들기,4014,"음식, 레시피"
쨈과크림,2391,음식
쨈톡,18126,소셜미디어
쨈이,3493,먹거리
쨈나나,3111,먹거리
쨈모,3108,음식
쨈린,2998,유행
쨈나리,2388,엔터테인먼트
쨈쿠키,1220,음식
쨈스타그램,2031,소셜 미디어
쨈순이,5336,먹방
쨈하,4583,레스토랑
쨈리,4135,음식
쨈순,3808,음식
쨈삼이,3775,캐릭터
쨈나라,3105,여행
쨈몬,3066,게임
쨈오오,2923,음식
쨈둘,2818,뷰티
쨈리리,2684,여행
쨈루루,2654,음식
쨈리라,1448,음식
쨈엔크림,2066,음식
쨈설기,1795,음식
쨉,2347,음식
쨉쨉,3834,음식
쨉쨉이,2014,동물
쨉쨉원투,1436,뷰티
쨋든,4156,대화
쨍,10088,빛
쨍한네일,9939,미용
쨍쨍,75206,빛
쨍클,1778,미용
쨍한컬러,7441,색상
쨍한,6449,날씨
쨍한날씨,4959,날씨
쨍한날,3691,날씨
쨍하게,2060,빛
쨍쨍이,1348,빛
쨍그랑,3253,빛
쨍얼,3018,빛
쨍하다,2815,색상
쨍한색감,2416,색상
쨍한하늘,2268,자연
쨍쨍한,1983,빛
쨍하고,1396,날씨
쨍쨍한날,1356,날씨
쨍이,1266,날씨
쨔쟌,2075,없음
쨔룽해유,1334,음식
쨔니그램,4549,사진
쨔잔,2963,감탄
쨔랑해,2470,사랑
쨔니,2386,음식
쨔랍,2221,패션
쨔응,2159,뷰티
쨔샤,1468,여행
쨔부,1208,음식
쨔쨔,1062,뷰티
쨔만이,1183,엔터테인먼트
쨔요,1147,여행
쨔니일상,1102,일상
쨘,31660,개인
쨘쨘,2779,개인
쨘스타그램,2020,사진
쨘쨘쨘,1103,놀이/유흥
쨥쨥,3482,표현/감정
쨩,4687,모험/여행
쨩구꽃다발,4765,이벤트/축하
쨩쨩,1436,음식
쩌비엣,6163,엔터테인먼트
쩌억,1442,금융
쩌러,6456,여행
쩌리,4812,유행어
쩌네,4031,유행어
쩌는,2933,유행어
쩌리짱,2205,유행어
쩌e,1475,음식
쩌니,1144,인물
쩌네랑,1100,여행
쩌죽음,1084,음식
쩌리컴퍼니,1022,회사/기업
쩍,2703,특이한/독특한
쩍벌녀,29568,패션/의류
쩍벌,20586,패션/의류
쩍벌남,45306,의류
쩍벌견,3090,반려동물
쩍벌개,1687,반려동물
쩍벌아기,1614,아동
쩍벌박스,1477,동물
쩍벌묘,1164,동물
쩍벌냥이,1019,동물
쩐주단,11656,음식
쩐,1246,엔터테인먼트
쩐주나이차,6863,엔터테인먼트
쩐윤일상,1292,일상
쩐쭈나이차,2532,엔터테인먼트
쩐주,2161,음식
쩐정,1206,사회
쩐블리,1118,뷰티
쩐테크,4003,기술
쩐태크,2929,게임
쩐당,2453,유행어
쩐꾸옥사원,2150,관광지
쩐다쩔어,1882,음악
쩔,7368,음악
쩔어,149078,음악
쩔미,1241,음악
쩔음,5803,음악
쩔었다,4584,긍정적 표현
쩔어요,3195,긍정적 표현
쩔뚝이,3057,개인 브랜드
쩔뚝쩔뚝,2196,개인 브랜드
쩔이,1685,음악
쩔지,1455,긍정적 표현
쩔쩔,1357,"놀림, 조롱"
쩔탱,1252,"자신감, 긍정적 표현"
쩔었음,1172,인기
쩜,5222,축구
쩜사,6125,여행
쩜오책방,2908,도서
쩜팔,7189,사진
쩜팔렌즈,3411,사진
쩜팔이,2616,사진
쩜사렌즈,2332,사진
쩜오알바,2278,일자리
쩜네일,1985,미용
쩜이삼오,1488,숫자
쩜프샷,1240,스포츠
쩜프쩜프,3371,스포츠
쩜프,3074,스포츠
쩜이,1352,엔터테인먼트
쩝,47953,음식
쩟페어야시장,2610,시장
쩡,10652,지역
쩡구리마켓,1705,시장
쩡이,16937,개인명
쩡스챌린지,2199,챌린지
쩡찌,1809,먹거리
쩡_밥상,1331,음식
쩡민턴,1290,스포츠
쩡네일,5325,뷰티
쩡스리본,2817,패션
쩡아,1828,인물
쩡스마카롱,1510,음식
쩡래쉬,1200,패션
쩡스타그램,13935,소셜미디어
쩡스키친,1196,음식
쩡유의트래블라이프,1124,여행
쩡이래쉬,1036,뷰티
쩡이네공작소,1020,패션
쩡슈,2223,뷰티
쩡주부홈트,2207,피트니스
쩡스케이크앤갤러리,1476,음식
쩡블리,1554,패션
쩡라오니,1085,여행
쩡아그램,1221,라이프스타일
쩡쩡남매그램,1218,가족
쩡스타그램ㅎ,1126,사진
쩡이랑,3081,친구
쩨,2342,개인 브랜드
쩨알,28495,엔터테인먼트
쩨케이,4471,엔터테인먼트
쩨알이,21597,엔터테인먼트
쩨케헤이,4787,엔터테인먼트
쩨이호오오옵,1922,음식
쩨리,8666,유행
쩨쩨,2797,개인
쩨이알,2509,엔터테인먼트
쩨이호오오오오오오옵,2045,음식
쩨케케이크,1703,음식
쩨아리,1639,예술
쩨렌,1595,예술
쩨이그램,1093,소셜 미디어
쩨우,1398,엔터테인먼트
쩨이,1374,엔터테인먼트
쩨아,1305,엔터테인먼트
쩨쭵죄쮀호,1303,음식
쩨냥이,1111,동물
쩨끄레기,1095,환경
쩰,1244,문화
쩰스타그램,1474,음식
쩰리스타그램,1949,음식
쪄,1071,개인
쪄죽음,9658,건강
쪄죽을뻔,5167,공포
쪄죽겠다,3905,공포
쪄죽는줄,3464,공포
쪄죽어,2800,공포
쪄서,1413,쇼핑
쪄죽는날씨,1144,날씨
쪄먹기,1103,음식
쪄먹고,1042,음식
쪕쪕,1060,동물
쪙스타그램,1481,사진
쪼이쇼룸,6975,쇼핑
쪼꼬미,668430,아이돌
쪼리,135596,음식
쪼로리아트,22726,예술
쪼꼬,136813,동물
쪼꼴락상회,25654,"음식, 레스토랑"
쪼리샌들,21656,패션
쪼람쥐,15335,동물
쪼리슬리퍼,13152,패션
쪼아쪼아,10642,일상생활
쪼,6002,한국 유튜버
쪼비박스,3356,미디어
쪼물딱루씨,2708,엔터테인먼트
쪼물젤,2231,뷰티 및 패션
쪼만한마을,2107,여행
쪼이,13464,동물
쪼리추천,9655,패션
쪼롱이,8500,엔터테인먼트
쪼꼬미캣,4068,동물
쪼오꼬,3929,음식
쪼꼬네유치원,3717,교육
쪼쪼네슈가하우스,3444,미용/패션
쪼꼬미들,47036,어린이
쪼아,46920,엔터테인먼트
쪼꼬미시절,21887,추억
쪼이인사이드,1454,브랜드
쪼리코디,3767,패션
쪼꼬유치원,4869,유아교육
쪼꼬네애견카페,3672,애견카페
쪼그려앉기,3120,동작
쪼꼬미에기,5138,음식
쪼코볼,1228,스포츠
쪼꼬네일,5909,뷰티
쪼리375,4177,패션
쪼블리,5654,음식
쪼매매운떡볶이,2068,음식
쪼꼬스타그램,6578,사진
쪼롱,5126,감정
쪼리힐,3737,쇼핑
쪼리닭,3447,음식
쪼물쪼물놀이터,2311,놀이
쪼꼬네2호점,1802,"음식, 레스토랑"
쪼스타,1458,게임
쪽,88897,음식
쪽쪽이클립,88966,유머
쪽쪽이,203943,동물
쪽파,45673,음식
쪽지,26433,커뮤니케이션
쪽쪽이사랑,20378,애정
쪽쪽갈비,20195,음식
쪽쪽이끊기,17929,헤어 스타일
쪽머리,14948,헤어 스타일
쪽염색,13869,헤어 스타일
쪽파크림치즈,5592,음식
쪽쪽이거부,5158,아동도서
쪽쪽이스트랩,4926,음악
쪽갈비구이,3705,음식
쪽프레스,1913,패션
쪽쪽,80304,음식
쪽쪽이홀더,8993,생활용품
쪽쪽이셔틀,5968,여행
쪽파무침,4092,음식
쪽집게점집,3307,패션
쪽쪽이클립만들기,2225,공예
쪽모자,2038,패션
쪽쪽이살균기,1986,생활용품
쪽찌,1965,음식
쪽집게,4294,동물
쪽쪽이소독기,2303,가전제품
쪽쪽이케이스,1950,전자제품
쪽잠,9662,수면
쪽파크림치즈베이글,2215,음식
쪽파강회,1722,음식
쪽팔림,7738,자연
쪽염,1543,음식
쪽쪽이클립추천,3030,패션
쪽파베이글,2885,음식
쪽쪽이끊기성공,1704,라이프스타일
쪽바리,1686,동물
쪽쪽이입문,1622,도서
쪽자,9383,문학
쪽집게타로,2000,음식
쪽파전,1914,음식
쪽쪽박사,1236,엔터테인먼트
쪽독서,1003,도서
쫀득쫀득,164617,음식
쫀득한마카롱,49872,음식
쫀드기,53638,미용
쫀득,50064,음식
쫀맛,31577,음식
쫀득마카롱,22693,음식
쫀디기,16705,먹거리
쫀득이,15252,음식
쫀득살,12686,음식
쫀맛탱,10396,음식
쫀떡궁합,10276,음식
쫀득쿠키,8192,음식
쫀득바,4708,음식
쫀떡이,1543,음식
쫀쫀,23159,식품
쫀득꼬끄,11621,음식
쫀네일,3893,미용
쫀쫀실내복,3385,패션
쫀드기구이,2789,음식
쫀말슬라임,2674,취미
쫀퐁말,2563,문화
쫀쫀티,1966,음식
쫀떡,1795,음식
쫀득한쿠키,2517,음식
쫀말,1735,표현
쫀듸기,4653,음식
쫀득한꼬끄,3500,음식
쫀득빵,1761,음식
쫀드기튀김,1487,음식
쫀득민트,1249,디저트
쫀득롤케익,1043,디저트
쫀득한,7584,음식
쫀쫀레깅스,1490,패션
쫀쫀한,4241,음식
쫀득버터바,3278,디저트
쫀득쫀득마카롱,3257,디저트
쫀득고구마공구,1054,음식
쫀쫀크림,3319,뷰티
쫀쫀한피부,3034,뷰티
쫀쫀피부,2553,뷰티
쫀득초코케이크,2458,푸드
쫀쫀이,1992,음식
쫀카롱,1725,디저트
쫀득고구마,1001,음식
쫄,3270,먹거리
쫄볶이,28370,음식
쫄바지,11129,패션
쫄쫄이,16395,별명
쫄쫄호떡,6147,음식
쫄우동,6078,음식
쫄보의여행,3176,여행
쫄깃센타,1899,뷰티/스킨케어
쫄뱅이,6112,동물
쫄병스낵,3994,음식
쫄깃쎈타,2663,먹거리
쫄보푸들꼬니,1162,반려동물
쫄랑이옷장,2332,패션
쫄면스타그램,1870,음식
쫄지마,9450,교통안전
쫄깃센터,1050,피트니스
쫄보고양이,3547,애완동물
쫄면주는삼겹본능,1119,음식
쫄보아들,14736,사회
쫄깃한,8067,음식
쫄보들,8046,사회
쫄랑쫄랑,5914,소리
쫄랑이,4962,동물
쫄보냥이,2664,동물
쫄깃한면발,3553,음식
쫄병,3431,걱정
쫄보견,2681,반려동물
쫄보의길,2666,자기계발
쫄순,2277,음식
쫄기우동,2211,음식
쫄음,2038,감정
쫄쫄이호떡,1397,음식
쫌,102267,시간
쫌만기다려,6068,인내
쫌쫌쫌,1913,반복
쫌만더,2836,노력
쫌만,6335,인내
쫌만참자,4424,"도전, 응원"
쫌만더힘내자,2598,"도전, 응원"
쫌쫌따리,2547,소소한 즐거움
쫌니,2223,소소한 즐거움
쫌쫌,1861,감정
쫌만참아,1638,근심
쫌하네,1534,감정
쫌있음,1511,일반적인 상태
쫌쉬자,1628,여행
쫌귀엽네,1857,동물
쫌자라,1263,음식
쫌만기둘려,1121,운동
쫌쫌이,1251,한국 음식
쫍,1469,음식
쫍쫍쫍,2937,소리
쫍쫍,15601,음식
쫍이,2415,개인 브랜딩
쫍쫍이,1618,개인 브랜딩
쫑,43929,음식
쫑스타그램,43511,음식
쫑끗,15149,소셜미디어
쫑파티,38898,이벤트
쫑아,34246,개인
쫑포,21819,음식 및 요리
쫑긋,18296,동물
쫑디,15695,패션
쫑쫑이,14734,동물
쫑쫑,12825,동물
쫑아카페,4511,엔터테인먼트
쫑블리,3604,엔터테인먼트
쫑쫑해,2591,개인
쫑쫑이는_정한이고_쫑쫑이는_생일이야,2237,개인
쫑이,76704,동물
쫑포맛집,26896,음식
쫑구,5752,스포츠
쫑알쫑알똘똘이,4447,어린이
쫑천러,2937,음식
쫑아커플,2132,연애
쫑호네반찬,2063,음식
쫑쫑이팬,1908,엔터테인먼트
쫑포피자수퍼,1594,음식
쫑알주사,1125,의학
쫑포홍카페,1054,음식
쫑알이펜,1326,의학
쫑알쫑알,62065,동물
쫑슬,3954,패션
쫑긋귀말티,2323,음식
쫑부록,2274,도서
쫑하우스,1089,먹방
쫑콘,1844,엔터테인먼트
쫑이네집밥,3204,먹방
쫑비,1020,엔터테인먼트
쫑즈,1215,유명한 개인 브랜드
쫑이네,1129,개인 브랜드
쫑이캘리,1072,개인 브랜드
쫑이스타그램,2669,개인 브랜드
쫑포등대,2042,관광지
쫑우기록,1679,역사
쫑포해양공원,1345,자연
쫒겨남,3012,생활
쫒아다니기바쁨,2862,생활
쫒아다니기,1301,운동
쫓비산,2367,여행
쫓겨남,4283,생활
쫓아다니기바쁨,3014,스트레스
쫓아다니기,1783,일상
쫓아다니기힘들다,1444,스트레스
쫓아다니느라,1054,바쁨
쫘,1196,음식
쫘악,1818,스포츠
쫙,3396,감정
쫙쫙,5414,감정
쫜,1521,식품
쫜득쫜득,9535,식품
쫜득,1237,식품
쫠깃쫠깃,9935,식품
쫠깃,1461,음식
쫭,1352,동물
쬐끔,3560,감정
쬐금,1878,돈/경제
쬐끄만게,1147,동물
쬐곰,1045,동물
쬬,4106,음식
쬬꼬사랑,3490,"사랑, 관계"
쬬로기,2542,음식
쬬꼬,2492,패션
쬬아,2174,여행
쬬쬬쬬,2030,뷰티
쬰맛,1748,음식
쬽쬽,4932,먹거리
쬽쬽쬽,1027,먹거리
쭁이찌니,1026,놀이
쭈,38843,음식
쭈꾸미,670543,해산물
쭈꾸미낚시,95496,레저
쭈삼,88388,음식
쭈꾸미삼겹살,53365,음식
쭈꾸미샤브샤브,50747,음식
쭈롱베이커리,17947,음식
쭈꾸미도사,14351,브랜드
쭈블리,14145,쇼핑
쭈맘옷장,13942,패션
쭈갑,5295,엔터테인먼트
쭈니형,3768,인물
쭈드레,3743,음식
쭈꾸미사령부,1623,음식
쭈꾸미달인,14920,음식
쭈리,12528,음식
쭈네일,12197,미용
쭈꾸미덮밥,10874,음식
쭈꾸쭈꾸,9944,놀이
쭈꾸미요리,9836,음식
쭈아,5305,개인 브랜드 또는 유명한 인물
쭈갑낚시,4505,낚시
쭈쭈쭈,2478,먹방 또는 음식
쭈구리,60268,동물
쭈삼볶음,13339,음식
쭈까,2824,캐릭터
쭈구미,6999,캐릭터
쭈디,6323,캐릭터
쭈쭈,44089,음식
쭈삼불고기,9497,음식
쭈글이,17424,음식
쭈리원피스,4436,패션
쭈꾸미킹,4942,음식
쭈꾸미구이,4864,음식
쭈꾸미철판볶음,4726,음식
쭈꾸미숙회,9632,음식
쭈꾸미일당백,3164,음식
쭈티크,1913,패션
쭈꾸미골목,6879,여행
쭈니가사는이유,6184,일상생활
쭈리팬츠,6125,패션
쭈꾸미아저씨,3923,엔터테인먼트
쭈의일상,3131,일상
쭈꾸미공구,3024,쇼핑
쭈사장,2901,음식
쭉,49397,먹는 것
쭉심,9172,감정
쭉티,14207,옷류
쭉쭉,51421,신체운동
쭉쭉이,24642,미용
쭉쭉쭉,22313,운동
쭉쭉쭉쭉,8095,운동
쭉쭉들어간다,3666,운동
쭉빠짐,1635,다이어트
쭉쭉빠져라,1491,운동
쭉빵,1155,음식
쭉쭉쭉쭉쭉,3101,운동
쭉가자,2438,운동
쭉쭉크자,1996,운동
쭉삼이,1624,음식
쭉뻗은다리,1574,운동
쭉쭉커라,1305,건강
쭉쟁이,1214,자연
쭉자,1078,미용
쭉자라,1050,식물
쭌,37107,단축어
쭌스밀프랩,2248,뷰티
쭌미트,4258,음식
쭌쏭,9457,엔터테인먼트
쭌맘의책소개,4241,도서
쭌맘공구,3899,육아
쭌스타그램,27626,라이프스타일
쭌맘이벤트,3661,이벤트
쭌곱창,2324,음식
쭌맘마켓,1674,쇼핑
쭌블리,9065,뷰티
쭌쭌형제,7322,가족
쭌형제,4882,가족
쭌블리들ෆ,4652,"사랑, 친밀도"
쭌형제네,4493,가족
쭌쭌이네,3530,브랜드
쭌쭌,2830,브랜드
쭌슐랭가이드,2317,여행
쭌네일,2226,뷰티
쭌이스타그램,1460,SNS
쭌쭌이사랑해,1172,개인
쭌쭈남매,1735,가족
쭌이,11899,개인
쭌젤귀,1281,엔터테인먼트
쭌브라더스,1227,인물
쭌쭌이,6216,엔터테인먼트
쭌이오빠,1066,인물
쭌자카,1057,패션
쭌쏠부부,1007,엔터테인먼트
쭐,1255,뷰티
쭘마반점,1173,음식
쭘스튜디오,1179,엔터테인먼트
쭘마그램,1027,사진
쭙,1664,음식
쭙꾹이,1012,동물
쭙꾹,2819,동물
쭝,1300,문화
쭝화,1806,문화
쭝웬,1809,문화
쭝디,1467,패션
쭝궈,1670,뷰티
쭝이,1634,엔터테인먼트
쭤니,1035,음식
쮜블리,1757,뷰티
쮜블리네일,1465,뷰티
쮜블리속눈썹,1527,뷰티
쮜띠아기,1252,육아
쮸,20811,개인
쮸즈,12603,엔터테인먼트
쮸리,4693,인물
쮸스타그램,12221,사진/인스타그램
쮸모빠빠,1385,패션
쮸쮸,13158,엔터테인먼트
쮸앤코,4707,패션
쮸네일,3141,미용
쮸쮸테이블,2497,가구
쮸유디,1725,패션
쮸쮸베베핸드메이드,1341,공예
쮸스쮸스,1331,음료료
쮸토피아,1318,온라인 쇼핑
쮸카롱,1211,패션
쮸르,2596,뷰티
쮸이니쇼핑몰,1440,온라인 쇼핑
쮸데이,1824,이벤트
쮸블리,4210,패션
쮸야,4210,뷰티
쮸비,3679,엔터테인먼트
쮸쮸베베,3574,유명한 인물 또는 캐릭터
쮸s,3471,유명한 인물 또는 캐릭터
쮸야인스타,1052,소셜 미디어
쮸루쮸루,1010,유명한 인물 또는 캐릭터
쮸압쮸압,1616,패션
쮸야스타그램,1253,인물
쮸경쮸,1231,여행
쮸니맘,1190,육아
쮸택이신혼생활,1153,가족/결혼
쮸이,1152,개인
쮸블리그램,1130,사진
쯉쯉,2603,음식/요리
쯔위,1101434,연예인
쯔양,16010,유튜버
쯔양먹방,2459,먹방
쯔,2573,별명
쯔유,21495,음식
쯔외,13510,여행
쯔국,11366,역사
쯔리겐,10696,문화
쯔비벨무스터,8708,음식
쯔위프트,5100,음악
쯔리무사,4640,역사
쯔무쯔무,4433,문화
쯔뭉이,1723,만화 캐릭터
쯔리겐fg,1716,만화 캐릭터
쯔이,1384,만화 캐릭터
쯔꾸네,8277,만화 캐릭터
쯔워,3760,일본어 문화
쯔요시,2331,일본어 문화
쯔루하시후게츠,2194,일본어 문화
쯔나,1738,일본어 문화
쯔사,1670,애니메이션
쯔모리아,1224,역사
쯔란,11953,음식
쯔쿠네,4155,문화
쯔루하시,2630,일본 애니메이션 캐릭터
쯔쥬,1096,일본 애니메이션 캐릭터
쯔께멘,1493,일본 요리
쯔우,1026,일본 애니메이션 캐릭터
트와이스쯔위,27805,연예인
쯔란갈비,3172,음식
쯔쯔가무시,3082,문화
쯔양다찌,2702,여행
쯔바사,2407,인물
쯤,1383,시간
쯤이야,1382,표현
쯧,4014,감탄어
쯧쯧,7725,감탄사
쯩아공쥬,1719,한식 요리
쯩리,2940,음식
찌개,124299,한식 요리
찌,11006,음식
찌낚시,44010,낚시
찌개스타그램,11897,"음식, 사진"
찌나뇽,10349,"개그, 엔터테인먼트"
찌마기,8697,음식
찌질의역사,8257,역사
찌개요리,7479,음식
찌라시,6536,문화
찌게,6413,음식
찌인,2598,문화
찌개레시피,1717,음식
찌탄절,16759,문화
찌짐,30407,감정
찌누,2650,동물
찌미케이크,1712,음식
찌든때클리너,6138,청소
찌그렁오리,1923,동물
찌질한인간김경희,1593,유명인
찌샵네일,3480,뷰티
찌뿌둥,11878,감정
찌니룽,1199,동물
찌네일,2739,패션
찌드래곤,1312,동물
찌스타그램,7581,소셜미디어
찌올림,1460,요가
찌릿찌릿,18775,ASMR
찌니스타그램,8890,패션
찌지미,5201,음식
찌꺼기가글,3149,음식
찌라시스시,2718,음식
찌바리,1511,동물
찌바,1439,음식
찍스타그램,1944308,사진
찍,9618,사진
찍덕스타그램,12554,사진
찍사,179747,사진
찍먹,63013,음식
찍고,61509,사진
찍기,46983,미술
찍스타,32888,엔터테인먼트
찍은,32580,사진
찍덕,28018,엔터테인먼트
찍사그램,25355,사진
찍어줌,22126,사진
찍어,12291,사진
찍스,6794,엔터테인먼트
찍어줄게,3700,사진
찍음,26098,사진
찍찍이,23174,동물
찍은사진,20520,사진
찍었다,14818,활동
찍어줘,7221,요청
찍찍이팬티,3739,패션
찍을수있는모든것,1695,취미
찍어준사진,15341,사진촬영
찍는,13783,사진촬영
찍지마,12841,사진 촬영
찍새,10882,동물
찍사의길,10733,여행
찍어서,7660,사진 촬영
찍으러,6027,사진
찍었어요,2339,사진
찍터벌,1640,사진
찍어주기,5502,사진
찍사스타그램,3874,사진
찍찍이운동화,3667,패션
찍샷,10765,사진
찍찍이하네스,1162,반려동물
찍먹파,7156,음식
찍사열일,1569,사진
찍었는데,6592,사진
찍어주는,6506,사진
찍지마라,3751,사진 촬영 규칙
찍고또찍고,3451,사진 찍기
찍힌사진,3379,촬영된 사진
찍찍,24519,사진 촬영 관련
찍자,22019,사진
찍힘,6661,카메라
찍으면,6566,촬영
찍는다,6435,사진작가
찍사엄마,5825,가족
찍은거,5340,사진
찍다가,5251,사진
찍어보자,5118,사진
찐,110924,감정
찐이야,547789,감정
찐찐,11514,감정
찐행복,152149,감정
찐후기,102279,리뷰
찐사랑,67869,인간관계
찐따,37942,사회
찐맛,26987,음식
찐템,18439,음식
찐감자,18215,음식
찐이,8498,음식
찐찐허벌,6401,뷰티
찐한친구,4374,인물
찐쿤스튜디오,1980,엔터테인먼트
찐이야영탁,9273,음악
찐보리굴비,3845,음식
찐고구마,16553,식품
찐육아,25108,육아
찐옥수수,9491,식품
찐남매,18177,가족
찐팬,26914,엔터테인먼트
찐미소,11409,음식
찐한베이킹,2804,요리
찐찐마켓,1959,쇼핑
찐감동,14070,감동
찐퍼플베이비120,6033,패션
찐찐찐찐찐이야,6400,감동
찐자매공방,2222,패션
찐리뷰,24097,리뷰
찐스타그램,11688,소셜미디어
찐네일,5570,미용
찐이아,3354,엔터테인먼트
찐쌤,1890,교육
찐모닝,1763,라이프스타일
찐디,1687,패션
찔러보기,1933,미용
찔끔,5447,감정
찔림,4046,감정
찔끔찔끔,3438,감정
찔찔이,2781,감정
찔찔,1911,불편함
찔러보기가능,1317,행동 가능성
찔통,1240,의료
찔린다,1043,불편함
찜,79337,레저
찜질방,364126,레저
찜n진,7500,패션
찜질방데이트,33435,데이트
찜기공구,19924,주방용품
찜기,19649,조리도구
찜갈비,19578,음식
찜요리,12319,음식
찜질방놀이,7186,레저
찜질방추천,4342,여행
찜수성찬,3601,음식
찜했당,3588,휴식
찜코디,1203,패션
찜통더위,59424,건강
찜기추천,5936,가전제품
찜이벤트,3401,이벤트
찜질카페,4696,레저
찜카스테라,3851,음식
찜질기,4970,생활용품
찜질방투어,2099,여행
찜질방계란,4078,음식
찜질방먹방,2081,먹방
찜햇닭,1904,음식
찜질방데이,2141,레저
찜질복,2586,의류
찜질방에서,5669,레저
찜닭밀키트,2393,음식
찜질스파,5462,레저
찜뽕,4216,음식
찜질방펜션,1752,여행
찜질방패션,1523,패션
찜특가,1342,쇼핑
찜케이크,1170,음식
찜질방식혜,1055,건강
찝찝,14543,감정
찝찝해,5846,감정
찝찝함,3836,감정
찝찝하다,1410,감정
찝찝한,1109,감정
찟청,1180,패션
찡,24331,감정
찡코디자인,1137,패션
찡긋,55608,감정
찡코,34688,패션
찡코고양이,7904,동물
찡끗,6784,감정
찡찡이모드,4866,행동
찡구왕,3035,특징
찡어찡어,2713,동물
찡오랑,2559,동물
찡꼬,2546,동물
찡쪽바,1142,동물
찡하다,3013,감정
찡찡아,1499,친구
찡가,1262,여행
찡홈카페,1035,라이프스타일
찡얼찡얼,7847,사랑스러운 동물
찡스타그램,7335,사진 및 소셜 미디어
찡뽀와귀요미,1166,애완동물
찡찡이들,3018,동물 관련
찡코냥이,2427,동물
찡그림,2365,미술
찡쭈패밀리,2234,유머
찡찡모드,2200,감정
찢,2608,파손
찢어진청바지,13245,의류
찢개,5973,상처
찢어진손톱,7807,상처
찢청바지,7696,의류
찢어진발톱,2666,건강
찢기,2186,행위
찢재명,2120,인물
찢어진바지,1971,패션
찢어진네일,1798,뷰티
찢어먹는치즈,1641,음식
찢어버려,1498,감정
찢어진,3208,상처/부상
찢어지는손톱,3189,미용/네일아트
찢어진손톱보수,1351,미용/네일아트
찢어진다,1570,상처/부상
찢어진손발톱,1514,건강
찢고,1611,상처
찢바,1208,의류
찢어지지않는,1162,강화된
찢어지는마음,1081,감정
차은우,1481566,연예인
차,831432,음료
차스타그램,2579679,사진공유
차박캠핑,379044,여행
차쟁이,637003,자동차
차돌박이,416239,음식
차량용방향제,410380,자동차
차준호,191775,개인
차홍룸,180541,엔터테인먼트
차홍,130802,엔터테인먼트
차태현,101335,엔터테인먼트
차홍아르더,85518,인물
차박성지,38203,여행
차학연,189171,연예인
차크닉,108867,요리
차박여행,85822,여행
차우차우,177592,음식
차이쉬쿤,174851,뷰티
차쟁이그램,118130,자동차
차박용품,50944,캠핑용품
차지연,42602,연예인
차준환,36871,인물
차달건,30835,인물
차박에미치다,25083,캠핑
차홍오리지널,51531,패션
차림새,20355,패션
차홍코스메틱,16908,뷰티
차박지,14703,여행
차도구,39294,자동차 용품
차사진,90153,자동차
차량용석고방향제,98387,자동차 용품
차르르커튼,79438,인테리어
차한잔,134990,음료
차꾸미기,35879,DIY
차은호,14160,연예인
차박스타그램,31697,여행
차이의놀이,32771,문화
차홍아르더본점,14692,쇼핑
차량용디퓨저,82685,자동차용품
차량방향제,72694,자동차 용품
차전자피,53731,자동차 부품
차스타,36541,자동차 클럽
차홍룸용산점,22769,"레스토랑, 카페"
차앤박,17645,패션 브랜드
착한가격,548023,쇼핑
착,13114,긍정적 속성
착한마녀전,3110,"동화, 판타지"
착즙쥬스,34156,음료
착용샷,100196,패션
착한전복,3804,식품
착즙청,14849,식품
착한쭝식,3361,음식
착한가격업소,5220,비즈니스
착한꼬마,4334,어린이
착한맛,13026,음식
착한웨딩,11008,이벤트
착한아들,53886,가족
착한농부,3387,농업
착한과일,3972,식품
착한미용실,5672,미용
착할선,4096,패션
착시효과,11732,메이크업
착붙틴트,4719,뷰티
착한소비,100283,소비
착한구두,32008,패션
착용컷,16363,스타일
착화감,9832,신발
착한척,7809,행동
착즙기추천,3153,건강
착공,4389,스포츠
찬,400541,음식
찬열,2404793,연예인
찬우,249413,인물
찬양,621301,음악
찬또배기,480383,음식
찬또위키,379948,엔터테인먼트
찬백,300252,음악
찬스,275665,스포츠
찬희,262860,인물
찬또,187994,인물
찬성,126689,감정/태도
찬미,91328,감정/태도
찬양팀,72405,종교/신앙
찬백인도네시아,70949,문화
찬양캘리,57047,음악
찬송가,43108,음악